Genome	Domain	Phylum	Class	Order	Family	Genus	Species	Label
DW01015	Archaea	Aenigmatarchaeota	Aenigmatarchaeia	CG10238-14	SCSR01			Aenigmatarchaeota
DW00801	Archaea	Altarchaeota	Altarchaeia	IMC4	QMZM01			Altarchaeota
DW01272	Archaea	Thermoproteota	Nitrososphaeria	Nitrososphaerales	Nitrosopumilaceae	Nitrosarchaeum		Thermoproteota
DW00997	Archaea	Thermoproteota	Nitrososphaeria	Caldarchaeales	Caldarchaeaceae	Caldarchaeum		Thermoproteota
DW01054	Bacteria	Actinobacteriota	Actinomycetia	Mycobacteriales	Mycobacteriaceae	Mycobacterium	Mycobacterium paragordonae	Actinobacteriota
DW00135	Bacteria	Actinobacteriota	Actinomycetia	Mycobacteriales	Mycobacteriaceae	Mycobacterium	Mycobacterium gordonae	Actinobacteriota
DW01141	Bacteria	Actinobacteriota	Actinomycetia	Mycobacteriales	Mycobacteriaceae	Mycobacterium	Mycobacterium pseudokansasii	Actinobacteriota
DW00774	Bacteria	Actinobacteriota	Actinomycetia	Mycobacteriales	Mycobacteriaceae	Mycobacterium	Mycobacterium sp002591975	Actinobacteriota
DW00171	Bacteria	Actinobacteriota	Actinomycetia	Mycobacteriales	Mycobacteriaceae	Mycobacterium	Mycobacterium phocaicum	Actinobacteriota
DW00723	Bacteria	Actinobacteriota	Actinomycetia	Mycobacteriales	Mycobacteriaceae	Mycobacterium	Mycobacterium llatzerense	Actinobacteriota
DW00717	Bacteria	Actinobacteriota	Actinomycetia	Mycobacteriales	Mycobacteriaceae	Mycobacterium	Mycobacterium sp002013415	Actinobacteriota
DW00033	Bacteria	Actinobacteriota	Actinomycetia	Mycobacteriales	Mycobacteriaceae	Mycobacterium	Mycobacterium chelonae	Actinobacteriota
DW00492	Bacteria	Actinobacteriota	Actinomycetia	Mycobacteriales	Mycobacteriaceae	Mycobacterium	Mycobacterium franklinii	Actinobacteriota
DW00016	Bacteria	Actinobacteriota	Actinomycetia	Mycobacteriales	Mycobacteriaceae	Mycobacterium	Mycobacterium immunogenum	Actinobacteriota
DW01004	Bacteria	Actinobacteriota	Actinomycetia	Mycobacteriales	Mycobacteriaceae	Gordonia	Gordonia sp002009645	Actinobacteriota
DW00331	Bacteria	Actinobacteriota	Actinomycetia	Actinomycetales	Microbacteriaceae	Microbacterium	Microbacterium testaceum_E	Actinobacteriota
DW00428	Bacteria	Actinobacteriota	Actinomycetia	Nanopelagicales	Nanopelagicaceae	Nanopelagicus	Nanopelagicus sp003569185	Actinobacteriota
DW00440	Bacteria	Actinobacteriota	Actinomycetia	Nanopelagicales	Nanopelagicaceae	Nanopelagicus	Nanopelagicus sp000294575	Actinobacteriota
DW00778	Bacteria	Actinobacteriota	Actinomycetia	Nanopelagicales	Nanopelagicaceae	Nanopelagicus	Nanopelagicus sp000378865	Actinobacteriota
DW00479	Bacteria	Actinobacteriota	Actinomycetia	Nanopelagicales	Nanopelagicaceae	Planktophila	Planktophila vernalis	Actinobacteriota
DW00001	Bacteria	Deinococcota	Deinococci	Deinococcales	Thermaceae	Thermus	Thermus scotoductus	Deinococcota
DW00478	Bacteria	Deinococcota	Deinococci	Deinococcales	Thermaceae	Meiothermus	Meiothermus cerbereus	Deinococcota
DW00995	Bacteria	Chloroflexota	Chloroflexia	Thermomicrobiales	Thermomicrobiaceae	Thermomicrobium	Thermomicrobium sp002898255	Chloroflexota
DW00695	Bacteria	Cyanobacteria	Cyanobacteriia	PCC-6307	Cyanobiaceae	Synechococcus_D	Synechococcus_D lacustris	Cyanobacteria
DW00202	Bacteria	Cyanobacteria	Vampirovibrionia	Obscuribacterales	Obscuribacteraceae	Obscuribacter	Obscuribacter phosphatis	Cyanobacteria
DW00558	Bacteria	Proteobacteria	Gammaproteobacteria	Pseudomonadales	Pseudomonadaceae	Pseudomonas_E	Pseudomonas_E sp900187565	Gammaproteobacteria
DW00610	Bacteria	Proteobacteria	Gammaproteobacteria	Pseudomonadales	Pseudomonadaceae	Pseudomonas_E	Pseudomonas_E migulae	Gammaproteobacteria
DW01045	Bacteria	Proteobacteria	Gammaproteobacteria	Pseudomonadales	Pseudomonadaceae	Pseudomonas_E	Pseudomonas_E sp000282415	Gammaproteobacteria
DW00976	Bacteria	Proteobacteria	Gammaproteobacteria	Pseudomonadales	Pseudomonadaceae	Pseudomonas_E	Pseudomonas_E simiae	Gammaproteobacteria
DW00979	Bacteria	Proteobacteria	Gammaproteobacteria	Pseudomonadales	Pseudomonadaceae	Pseudomonas_E	Pseudomonas_E rhodesiae	Gammaproteobacteria
DW00357	Bacteria	Proteobacteria	Gammaproteobacteria	Pseudomonadales	Pseudomonadaceae	Pseudomonas_E	Pseudomonas_E sp002840155	Gammaproteobacteria
DW01128	Bacteria	Proteobacteria	Gammaproteobacteria	Pseudomonadales	Pseudomonadaceae	Pseudomonas_E	Pseudomonas_E sp001465025	Gammaproteobacteria
DW00145	Bacteria	Proteobacteria	Gammaproteobacteria	Pseudomonadales	Pseudomonadaceae	Pseudomonas_E	Pseudomonas_E alcaligenes	Gammaproteobacteria
DW01018	Bacteria	Proteobacteria	Gammaproteobacteria	Pseudomonadales	Moraxellaceae	Acinetobacter	Acinetobacter johnsonii	Gammaproteobacteria
DW00499	Bacteria	Proteobacteria	Gammaproteobacteria	Pseudomonadales	Moraxellaceae	Acinetobacter	Acinetobacter junii	Gammaproteobacteria
DW00306	Bacteria	Proteobacteria	Gammaproteobacteria	Legionellales	Legionellaceae	Legionella	Legionella sp002786205	Gammaproteobacteria
DW00004	Bacteria	Proteobacteria	Gammaproteobacteria	Legionellales	Legionellaceae	Legionella	Legionella pneumophila	Gammaproteobacteria
DW00005	Bacteria	Proteobacteria	Gammaproteobacteria	Legionellales	Legionellaceae	Legionella	Legionella waltersii	Gammaproteobacteria
DW00303	Bacteria	Proteobacteria	Gammaproteobacteria	Legionellales	Legionellaceae	Tatlockia	Tatlockia drozanskii	Gammaproteobacteria
DW00003	Bacteria	Proteobacteria	Gammaproteobacteria	Legionellales	Legionellaceae	Legionella_B	Legionella_B geestiana	Gammaproteobacteria
DW00323	Bacteria	Proteobacteria	Gammaproteobacteria	Methylococcales	Methylomonadaceae	WM-3-3	WM-3-3 sp002928995	Gammaproteobacteria
DW01085	Bacteria	Proteobacteria	Gammaproteobacteria	Methylococcales	Methylomonadaceae	Methylomonas	Methylomonas methanica_A	Gammaproteobacteria
DW01083	Bacteria	Proteobacteria	Gammaproteobacteria	Methylococcales	Methylomonadaceae	Methylomonas	Methylomonas sp002083615	Gammaproteobacteria
DW00325	Bacteria	Proteobacteria	Gammaproteobacteria	Methylococcales	Methylomonadaceae	Methylomonas	Methylomonas sp002928965	Gammaproteobacteria
DW00320	Bacteria	Proteobacteria	Gammaproteobacteria	Methylococcales	Methylomonadaceae	Methylomonas	Methylomonas sp002929135	Gammaproteobacteria
DW00360	Bacteria	Proteobacteria	Gammaproteobacteria	Ga0077554	Ga007554	Ga0077554	Ga0077554 sp005240065	Gammaproteobacteria
DW00742	Bacteria	Proteobacteria	Gammaproteobacteria	Nevskiales	Nevskiaceae	Nevskia	Nevskia ramosa	Gammaproteobacteria
DW00461	Bacteria	Proteobacteria	Gammaproteobacteria	Burkholderiales	Burkholderiaceae	Duganella	Duganella sp000335815	Gammaproteobacteria
DW00282	Bacteria	Proteobacteria	Gammaproteobacteria	Burkholderiales	Burkholderiaceae	Hylemonella	Hylemonella sp003500955	Gammaproteobacteria
DW00865	Bacteria	Proteobacteria	Gammaproteobacteria	Burkholderiales	Burkholderiaceae	PHCI01	PHCI01 sp002842205	Gammaproteobacteria
DW00038	Bacteria	Proteobacteria	Gammaproteobacteria	Burkholderiales	Burkholderiaceae	Variovorax	Variovorax sp900115375	Gammaproteobacteria
DW00899	Bacteria	Proteobacteria	Gammaproteobacteria	Burkholderiales	Burkholderiaceae	Acidovorax_B	Acidovorax_B defluvii	Gammaproteobacteria
DW01171	Bacteria	Proteobacteria	Gammaproteobacteria	Burkholderiales	Burkholderiaceae	Pelomonas	Pelomonas sp003963075	Gammaproteobacteria
DW00482	Bacteria	Proteobacteria	Gammaproteobacteria	Burkholderiales	Burkholderiaceae	Pelomonas	Pelomonas puraquae	Gammaproteobacteria
DW00661	Bacteria	Proteobacteria	Gammaproteobacteria	Burkholderiales	Burkholderiaceae	Rhizobacter	Rhizobacter sp001464195	Gammaproteobacteria
DW00057	Bacteria	Proteobacteria	Gammaproteobacteria	Burkholderiales	Burkholderiaceae	Aquabacterium	Aquabacterium commune	Gammaproteobacteria
DW01031	Bacteria	Proteobacteria	Gammaproteobacteria	Burkholderiales	Burkholderiaceae	UBA3064	UBA3064 sp005787245	Gammaproteobacteria
DW00319	Bacteria	Proteobacteria	Gammaproteobacteria	Burkholderiales	Methylophilaceae	Methylophilus	Methylophilus methylotrophus	Gammaproteobacteria
DW01227	Bacteria	Proteobacteria	Gammaproteobacteria	Burkholderiales	Methylophilaceae	Methylotenera_A	Methylotenera_A sp002083635	Gammaproteobacteria
DW00913	Bacteria	Proteobacteria	Gammaproteobacteria	Burkholderiales	Methylophilaceae	Methylotenera	Methylotenera mobilis_B	Gammaproteobacteria
DW00313	Bacteria	Proteobacteria	Gammaproteobacteria	Burkholderiales	Methylophilaceae	Methylotenera	Methylotenera sp002928535	Gammaproteobacteria
DW00989	Bacteria	Proteobacteria	Gammaproteobacteria	Burkholderiales	Methylophilaceae	Methylopumilus	Methylopumilus universalis	Gammaproteobacteria
DW00863	Bacteria	Proteobacteria	Gammaproteobacteria	Burkholderiales	Rhodocyclaceae	Methyloversatilis	Methyloversatilis discipulorum_A	Gammaproteobacteria
DW01143	Bacteria	Proteobacteria	Gammaproteobacteria	Burkholderiales	Rhodocyclaceae	66-26	66-26 sp001897745	Gammaproteobacteria
DW01150	Bacteria	Proteobacteria	Gammaproteobacteria	Burkholderiales	Nitrosomonadaceae	Nitrosomonas	Nitrosomonas sp000175095	Gammaproteobacteria
DW00627	Bacteria	Proteobacteria	Gammaproteobacteria	Burkholderiales	Nitrosomonadaceae	Nitrosomonas	Nitrosomonas sp002083595	Gammaproteobacteria
DW00626	Bacteria	Proteobacteria	Gammaproteobacteria	Burkholderiales	Nitrosomonadaceae	Nitrosomonas	Nitrosomonas oligotropha	Gammaproteobacteria
DW00450	Bacteria	Proteobacteria	Gammaproteobacteria	Burkholderiales	Nitrosomonadaceae	Nitrosomonas	Nitrosomonas sp002083395	Gammaproteobacteria
DW00002	Bacteria	Proteobacteria	Alphaproteobacteria	Rhizobiales	Xanthobacteraceae	Afipia	Afipia birgiae	Alphaproteobacteria
DW00076	Bacteria	Proteobacteria	Alphaproteobacteria	Rhizobiales	Xanthobacteraceae	SG-bin9	SG-bin9 sp002083525	Alphaproteobacteria
DW01064	Bacteria	Proteobacteria	Alphaproteobacteria	Rhizobiales	Beijerinckiaceae	Methylobacterium	Methylobacterium organophilum	Alphaproteobacteria
DW00624	Bacteria	Proteobacteria	Alphaproteobacteria	Rhizobiales	Beijerinckiaceae	Bosea	Bosea sp001556025	Alphaproteobacteria
DW00318	Bacteria	Proteobacteria	Alphaproteobacteria	Rhizobiales	Beijerinckiaceae	Methylocystis	Methylocystis rosea	Alphaproteobacteria
DW01027	Bacteria	Proteobacteria	Alphaproteobacteria	Rhizobiales	Beijerinckiaceae	Methylocystis	Methylocystis sp002412985	Alphaproteobacteria
DW00321	Bacteria	Proteobacteria	Alphaproteobacteria	Rhizobiales	Beijerinckiaceae	PAR1	PAR1 sp002928875	Alphaproteobacteria
DW00672	Bacteria	Proteobacteria	Alphaproteobacteria	Rhizobiales	Phreatobacteraceae	Phreatobacter	Phreatobacter oligotrophus	Alphaproteobacteria
DW00345	Bacteria	Proteobacteria	Alphaproteobacteria	Rhizobiales	UBA4765	UBA4765	UBA4765 sp002365175	Alphaproteobacteria
DW00796	Bacteria	Proteobacteria	Alphaproteobacteria	Rhizobiales	UBA4765	UBA4765	UBA4765 sp002365175	Alphaproteobacteria
DW00312	Bacteria	Proteobacteria	Alphaproteobacteria	Rhizobiales	Hyphomicrobiaceae	Hyphomicrobium	Hyphomicrobium sp002928515	Alphaproteobacteria
DW00750	Bacteria	Proteobacteria	Alphaproteobacteria	Rhizobiales	Hyphomicrobiaceae	Hyphomicrobium	Hyphomicrobium sp002928395	Alphaproteobacteria
DW00061	Bacteria	Proteobacteria	Alphaproteobacteria	Rhizobiales	Hyphomicrobiaceae	Hyphomicrobium	Hyphomicrobium sp002928955	Alphaproteobacteria
DW00315	Bacteria	Proteobacteria	Alphaproteobacteria	Rhizobiales	Hyphomicrobiaceae	Hyphomicrobium	Hyphomicrobium sp002928735	Alphaproteobacteria
DW01041	Bacteria	Proteobacteria	Alphaproteobacteria	Rhodobacterales	Rhodobacteraceae	Tabrizicola	Tabrizicola sp003574395	Alphaproteobacteria
DW01163	Bacteria	Proteobacteria	Alphaproteobacteria	Rhodobacterales	Rhodobacteraceae	Tabrizicola	Tabrizicola sp002280405	Alphaproteobacteria
DW01042	Bacteria	Proteobacteria	Alphaproteobacteria	Caulobacterales	Caulobacteraceae	Brevundimonas	Brevundimonas mediterranea	Alphaproteobacteria
DW00534	Bacteria	Proteobacteria	Alphaproteobacteria	Caulobacterales	Caulobacteraceae	Caulobacter	Caulobacter sp002742645	Alphaproteobacteria
DW01003	Bacteria	Proteobacteria	Alphaproteobacteria	Caulobacterales	Hyphomonadaceae	SWB02	SWB02 sp002083515	Alphaproteobacteria
DW00098	Bacteria	Proteobacteria	Alphaproteobacteria	Caulobacterales	Hyphomonadaceae	UBA4763	UBA4763 sp002403455	Alphaproteobacteria
DW00888	Bacteria	Proteobacteria	Alphaproteobacteria	Sphingomonadales	Sphingomonadaceae	Porphyrobacter	Porphyrobacter sp001464915	Alphaproteobacteria
DW00652	Bacteria	Proteobacteria	Alphaproteobacteria	Sphingomonadales	Sphingomonadaceae	Porphyrobacter	Porphyrobacter sp001556995	Alphaproteobacteria
DW00131	Bacteria	Proteobacteria	Alphaproteobacteria	Sphingomonadales	Sphingomonadaceae	Porphyrobacter	Porphyrobacter donghaensis_B	Alphaproteobacteria
DW00638	Bacteria	Proteobacteria	Alphaproteobacteria	Sphingomonadales	Sphingomonadaceae	Porphyrobacter	Porphyrobacter sp001720465	Alphaproteobacteria
DW00077	Bacteria	Proteobacteria	Alphaproteobacteria	Sphingomonadales	Sphingomonadaceae	Porphyrobacter	Porphyrobacter cryptus	Alphaproteobacteria
DW00878	Bacteria	Proteobacteria	Alphaproteobacteria	Sphingomonadales	Sphingomonadaceae	Novosphingobium	Novosphingobium sp003454795	Alphaproteobacteria
DW01060	Bacteria	Proteobacteria	Alphaproteobacteria	Sphingomonadales	Sphingomonadaceae	Blastomonas	Blastomonas sp001556365	Alphaproteobacteria
DW00021	Bacteria	Proteobacteria	Alphaproteobacteria	Sphingomonadales	Sphingomonadaceae	Sphingopyxis	Sphingopyxis sp001468225	Alphaproteobacteria
DW00047	Bacteria	Proteobacteria	Alphaproteobacteria	Sphingomonadales	Sphingomonadaceae	Sphingopyxis	Sphingopyxis sp001468465	Alphaproteobacteria
DW01020	Bacteria	Proteobacteria	Alphaproteobacteria	Sphingomonadales	Sphingomonadaceae	Sphingopyxis	Sphingopyxis alaskensis	Alphaproteobacteria
DW01062	Bacteria	Proteobacteria	Alphaproteobacteria	Sphingomonadales	Sphingomonadaceae	Sphingopyxis	Sphingopyxis sp001468265	Alphaproteobacteria
DW00053	Bacteria	Proteobacteria	Alphaproteobacteria	Sphingomonadales	Sphingomonadaceae	Sphingopyxis	Sphingopyxis sp001468395	Alphaproteobacteria
DW00048	Bacteria	Proteobacteria	Alphaproteobacteria	Sphingomonadales	Sphingomonadaceae	Sphingopyxis	Sphingopyxis sp001468285	Alphaproteobacteria
DW00009	Bacteria	Proteobacteria	Alphaproteobacteria	Sphingomonadales	Sphingomonadaceae	Sphingopyxis	Sphingopyxis terrae	Alphaproteobacteria
DW00455	Bacteria	Proteobacteria	Alphaproteobacteria	Sphingomonadales	Sphingomonadaceae	Sphingobium	Sphingobium sp003609795	Alphaproteobacteria
DW00541	Bacteria	Proteobacteria	Alphaproteobacteria	Sphingomonadales	Sphingomonadaceae	Sphingobium	Sphingobium yanoikuyae	Alphaproteobacteria
DW00876	Bacteria	Proteobacteria	Alphaproteobacteria	Sphingomonadales	Sphingomonadaceae	Sphingobium	Sphingobium herbicidovorans	Alphaproteobacteria
DW00471	Bacteria	Proteobacteria	Alphaproteobacteria	Sphingomonadales	Sphingomonadaceae	Sphingomonas	Sphingomonas melonis	Alphaproteobacteria
DW01237	Bacteria	Proteobacteria	Alphaproteobacteria	Sphingomonadales	Sphingomonadaceae	Sphingomonas	Sphingomonas ginsenosidimutans	Alphaproteobacteria
DW00651	Bacteria	Proteobacteria	Alphaproteobacteria	Sphingomonadales	Sphingomonadaceae	Sphingomonas	Sphingomonas sp001464615	Alphaproteobacteria
DW01094	Bacteria	Proteobacteria	Alphaproteobacteria	Sphingomonadales	Sphingomonadaceae	Sphingomonas	Sphingomonas sp002083655	Alphaproteobacteria
DW00730	Bacteria	Proteobacteria	Alphaproteobacteria	Sphingomonadales	Sphingomonadaceae	Sphingomonas	Sphingomonas sp002403415	Alphaproteobacteria
DW00074	Bacteria	Proteobacteria	Alphaproteobacteria	Sphingomonadales	Sphingomonadaceae	Sphingomonas	Sphingomonas sp002863155	Alphaproteobacteria
DW00445	Bacteria	Proteobacteria	Alphaproteobacteria	Sphingomonadales	Sphingomonadaceae	Sphingomonas	Sphingomonas sp002083435	Alphaproteobacteria
DW01078	Bacteria	Proteobacteria	Alphaproteobacteria	Sphingomonadales	Sphingomonadaceae	Sphingomonas	Sphingomonas sp002083475	Alphaproteobacteria
DW00545	Bacteria	Proteobacteria	Alphaproteobacteria	Sphingomonadales	Sphingomonadaceae	GCA-005144965	GCA-005144965 sp005144965	Alphaproteobacteria
DW00666	Bacteria	Proteobacteria	Alphaproteobacteria	Reyranellales	Reyranellaceae	Reyranella	Reyranella sp001557035	Alphaproteobacteria
DW00477	Bacteria	Proteobacteria	Alphaproteobacteria	Pelagibacterales	Pelagibacteraceae	Fonsibacter	Fonsibacter sp000364545	Alphaproteobacteria
DW00436	Bacteria	Proteobacteria	Alphaproteobacteria	Pelagibacterales	Pelagibacteraceae	Fonsibacter	Fonsibacter ubiquis	Alphaproteobacteria
DW00452	Bacteria	Bdellovibrionota	Bdellovibrionia	Bdellovibrionales	SG-bin7	SG-bin7	SG-bin7 sp002083485	Bdellovibrionota
DW01006	Bacteria	Nitrospirota	Nitrospiria	Nitrospirales	Nitrospiraceae	Nitrospira	Nitrospira sp900078515	Nitrospirota
DW01190	Bacteria	Nitrospirota	Nitrospiria	Nitrospirales	Nitrospiraceae	Nitrospira	Nitrospira sp900078535	Nitrospirota
DW00463	Bacteria	Nitrospirota	Nitrospiria	Nitrospirales	Nitrospiraceae	Nitrospira_D	Nitrospira_D sp002083555	Nitrospirota
DW00392	Bacteria	Nitrospirota	Nitrospiria	Nitrospirales	Nitrospiraceae	Palsa-1315	Palsa-1315 sp005116885	Nitrospirota
DW00563	Bacteria	Bacteroidota	Bacteroidia	Flavobacteriales	Flavobacteriaceae	Flavobacterium	Flavobacterium sp002786385	Bacteroidota
DW00561	Bacteria	Bacteroidota	Bacteroidia	Flavobacteriales	Weeksellaceae	Chryseobacterium	Chryseobacterium daeguense	Bacteroidota
DW01229	Bacteria	Bacteroidota	Bacteroidia	Chitinophagales	Chitinophagaceae	UBA3961	UBA3961 sp002385265	Bacteroidota
DW01115	Bacteria	Bacteroidota	Bacteroidia	Chitinophagales	Chitinophagaceae	Hydrotalea	Hydrotalea flava	Bacteroidota
DW01023	Bacteria	Bacteroidota	Bacteroidia	NS11-12g	UBA955	UBA955	UBA955 sp005788145	Bacteroidota
DW00056	Bacteria	Bacteroidota	Bacteroidia	Cytophagales	Cyclobacteriaceae	Algoriphagus	Algoriphagus aquaeductus	Bacteroidota
DW00406	Bacteria	Verrucomicrobiota	Verrucomicrobiae	Opitutales	UBA953	UBA953	UBA953 sp002470605	Verrucomicrobiota
DW01130	Bacteria	Planctomycetota	Planctomycetes	Gemmatales	Gemmataceae	UBA969	UBA969 sp003671255	Planctomycetota
DW00965	Bacteria	Planctomycetota	Planctomycetes	Gemmatales	Gemmataceae	UBA969	UBA969 sp003671255	Planctomycetota
DW00520	Bacteria	Planctomycetota	Planctomycetes	Gemmatales	Gemmataceae	UBA969	UBA969 sp005786805	Planctomycetota
DW00993	Bacteria	Aquificota	Aquificae	Aquificales	Aquificaceae	UBA11096	UBA11096 sp003534055	Aquificota
DW00307	Bacteria	Spirochaetota	Leptospirae	Leptospirales	Leptospiraceae	GCA-2786225	GCA-2786225 sp002786225	Spirochaetota
DW00197	Bacteria	Actinobacteriota	Actinomycetia	Mycobacteriales	Mycobacteriaceae	Mycobacterium		Actinobacteriota
DW01250	Bacteria	Actinobacteriota	Actinomycetia	Mycobacteriales	Mycobacteriaceae	Mycobacterium		Actinobacteriota
DW00721	Bacteria	Actinobacteriota	Actinomycetia	Mycobacteriales	Mycobacteriaceae	Mycobacterium		Actinobacteriota
DW00570	Bacteria	Actinobacteriota	Actinomycetia	Mycobacteriales	Mycobacteriaceae	Mycobacterium		Actinobacteriota
DW01021	Bacteria	Actinobacteriota	Actinomycetia	Mycobacteriales	Mycobacteriaceae	Mycobacterium		Actinobacteriota
DW00571	Bacteria	Actinobacteriota	Actinomycetia	Mycobacteriales	Mycobacteriaceae	Mycobacterium		Actinobacteriota
DW01245	Bacteria	Actinobacteriota	Actinomycetia	Mycobacteriales	Mycobacteriaceae	Mycobacterium		Actinobacteriota
DW01248	Bacteria	Actinobacteriota	Actinomycetia	Mycobacteriales	Mycobacteriaceae	Mycobacterium		Actinobacteriota
DW01140	Bacteria	Actinobacteriota	Actinomycetia	Mycobacteriales	Mycobacteriaceae	Mycobacterium		Actinobacteriota
DW00770	Bacteria	Actinobacteriota	Actinomycetia	Mycobacteriales	Mycobacteriaceae	Mycobacterium		Actinobacteriota
DW00775	Bacteria	Actinobacteriota	Actinomycetia	Mycobacteriales	Mycobacteriaceae	Mycobacterium		Actinobacteriota
DW00720	Bacteria	Actinobacteriota	Actinomycetia	Mycobacteriales	Mycobacteriaceae	Mycobacterium		Actinobacteriota
DW01058	Bacteria	Actinobacteriota	Actinomycetia	Mycobacteriales	Mycobacteriaceae	Mycobacterium		Actinobacteriota
DW00773	Bacteria	Actinobacteriota	Actinomycetia	Mycobacteriales	Mycobacteriaceae	Mycobacterium		Actinobacteriota
DW00982	Bacteria	Actinobacteriota	Actinomycetia	Actinomycetales	Microbacteriaceae	Aquiluna		Actinobacteriota
DW00415	Bacteria	Actinobacteriota	Actinomycetia	Actinomycetales	Microbacteriaceae	Rhodoluna		Actinobacteriota
DW00416	Bacteria	Actinobacteriota	Actinomycetia	Actinomycetales	Microbacteriaceae	Rhodoluna		Actinobacteriota
DW00414	Bacteria	Actinobacteriota	Actinomycetia	Actinomycetales	Microbacteriaceae	Rhodoluna		Actinobacteriota
DW00810	Bacteria	Actinobacteriota	Actinomycetia	Propionibacteriales	Nocardioidaceae	Nocardioides		Actinobacteriota
DW00329	Bacteria	Actinobacteriota	Actinomycetia	Nanopelagicales	Nanopelagicaceae	Nanopelagicus		Actinobacteriota
DW00427	Bacteria	Actinobacteriota	Actinomycetia	Nanopelagicales	Nanopelagicaceae	Nanopelagicus		Actinobacteriota
DW00426	Bacteria	Actinobacteriota	Actinomycetia	Nanopelagicales	Nanopelagicaceae	Nanopelagicus		Actinobacteriota
DW00424	Bacteria	Actinobacteriota	Actinomycetia	Nanopelagicales	Nanopelagicaceae	Planktophila		Actinobacteriota
DW00423	Bacteria	Actinobacteriota	Actinomycetia	Nanopelagicales	Nanopelagicaceae	Planktophila		Actinobacteriota
DW00855	Bacteria	Actinobacteriota	Actinomycetia	Nanopelagicales	Nanopelagicaceae	Planktophila		Actinobacteriota
DW00462	Bacteria	Actinobacteriota	Actinomycetia	Nanopelagicales	Nanopelagicaceae	Planktophila		Actinobacteriota
DW00425	Bacteria	Actinobacteriota	Actinomycetia	Nanopelagicales	Nanopelagicaceae	Planktophila		Actinobacteriota
DW00988	Bacteria	Actinobacteriota	Actinomycetia	Nanopelagicales	Nanopelagicaceae	Planktophila		Actinobacteriota
DW00420	Bacteria	Actinobacteriota	Actinomycetia	Nanopelagicales	UBA5976	UBA5976		Actinobacteriota
DW00984	Bacteria	Actinobacteriota	Acidimicrobiia	Acidimicrobiales	Microtrichaceae	IMCC26207		Actinobacteriota
DW00972	Bacteria	Actinobacteriota	Acidimicrobiia	Acidimicrobiales	Ilumatobacteraceae	BACL27		Actinobacteriota
DW00333	Bacteria	Actinobacteriota	Acidimicrobiia	Acidimicrobiales	Ilumatobacteraceae	BACL27		Actinobacteriota
DW00430	Bacteria	Actinobacteriota	Acidimicrobiia	Acidimicrobiales	Ilumatobacteraceae	UBA3006		Actinobacteriota
DW01022	Bacteria	Actinobacteriota	Acidimicrobiia	Acidimicrobiales	Ilumatobacteraceae	UBA3006		Actinobacteriota
DW01016	Bacteria	Actinobacteriota	Acidimicrobiia	Acidimicrobiales	Ilumatobacteraceae	UBA2093		Actinobacteriota
DW00985	Bacteria	Actinobacteriota	Acidimicrobiia	Acidimicrobiales	Ilumatobacteraceae	Casp-actino8		Actinobacteriota
DW01032	Bacteria	Actinobacteriota	Acidimicrobiia	Acidimicrobiales	Ilumatobacteraceae	Casp-actino8		Actinobacteriota
DW00969	Bacteria	Actinobacteriota	Acidimicrobiia	IMCC26256	PALSA-555			Actinobacteriota
DW00962	Bacteria	Actinobacteriota	Thermoleophilia	Solirubrobacterales	Solirubrobacteraceae	F1-60-MAGs163		Actinobacteriota
DW00970	Bacteria	Actinobacteriota	Thermoleophilia	Solirubrobacterales	Solirubrobacteraceae			Actinobacteriota
DW00702	Bacteria	Actinobacteriota	Thermoleophilia	Solirubrobacterales				Actinobacteriota
DW00963	Bacteria	Actinobacteriota	Thermoleophilia	Ga0077560	Ga0077560	SYFI01		Actinobacteriota
DW00959	Bacteria	Actinobacteriota	Thermoleophilia	Ga0077560	Ga0077560	SYFI01		Actinobacteriota
DW00934	Bacteria	Actinobacteriota	Thermoleophilia	Ga0077560	Ga0077560			Actinobacteriota
DW00980	Bacteria	Actinobacteriota	Thermoleophilia	Gaiellales	F1-60-MAGs149	F1-60-MAGs149		Actinobacteriota
DW00996	Bacteria	Chloroflexota	Dehalococcoidia	SM23-28-2	HRbin24	HRBIN24		Chloroflexota
DW00814	Bacteria	Chloroflexota	Dehalococcoidia	SM23-28-2				Chloroflexota
DW00408	Bacteria	Chloroflexota	Ellin6529	CSP1-4	UBA10416	UBA10416		Chloroflexota
DW00409	Bacteria	Chloroflexota	Ellin6529	CSP1-4	UBA10416	UBA10416		Chloroflexota
DW00992	Bacteria	CSP1-3	CSP1-3	CSP1-3	HRBIN32	HRBIN32		CSP1-3
DW00957	Bacteria	Cyanobacteria	Cyanobacteriia	PCC-6307	Cyanobiaceae	Synechococcus_D		Cyanobacteria
DW00858	Bacteria	Cyanobacteria	Cyanobacteriia	Pseudanabaenales	Pseudanabaenaceae	Pseudanabaena		Cyanobacteria
DW00836	Bacteria	Cyanobacteria	Cyanobacteriia	Pseudanabaenales	Pseudanabaenaceae	Pseudanabaena		Cyanobacteria
DW00833	Bacteria	Cyanobacteria	Cyanobacteriia	Pseudanabaenales	Pseudanabaenaceae	Pseudanabaena		Cyanobacteria
DW01178	Bacteria	Cyanobacteria	Vampirovibrionia	Vampirovibrionales	Vampirovibrionaceae			Cyanobacteria
DW01183	Bacteria	Cyanobacteria	Vampirovibrionia	Vampirovibrionales	Vampirovibrionaceae			Cyanobacteria
DW00781	Bacteria	Cyanobacteria	Vampirovibrionia	Obscuribacterales	Obscuribacteraceae	PALSA-1081		Cyanobacteria
DW00219	Bacteria	Cyanobacteria	Vampirovibrionia	Obscuribacterales	Obscuribacteraceae	PSRH01		Cyanobacteria
DW00157	Bacteria	Cyanobacteria	Vampirovibrionia	Obscuribacterales	Obscuribacteraceae	QKMZ01		Cyanobacteria
DW00130	Bacteria	Cyanobacteria	Vampirovibrionia	Obscuribacterales	Obscuribacteraceae	QKMZ01		Cyanobacteria
DW00096	Bacteria	Cyanobacteria	Vampirovibrionia	Obscuribacterales	Obscuribacteraceae	QKMZ01		Cyanobacteria
DW00222	Bacteria	Cyanobacteria	Vampirovibrionia	Obscuribacterales	Obscuribacteraceae	QKMZ01		Cyanobacteria
DW00214	Bacteria	Cyanobacteria	Vampirovibrionia	Obscuribacterales	Obscuribacteraceae			Cyanobacteria
DW00668	Bacteria	Cyanobacteria	Vampirovibrionia	Obscuribacterales	Obscuribacteraceae	Ga0077546		Cyanobacteria
DW00779	Bacteria	Cyanobacteria	Vampirovibrionia	Obscuribacterales	Obscuribacteraceae	Ga0077546		Cyanobacteria
DW00722	Bacteria	Cyanobacteria	Vampirovibrionia	Obscuribacterales	Obscuribacteraceae	Ga0077546		Cyanobacteria
DW00204	Bacteria	Cyanobacteria	Vampirovibrionia	Obscuribacterales	Obscuribacteraceae	Ga0077546		Cyanobacteria
DW01184	Bacteria	Cyanobacteria	Vampirovibrionia	Obscuribacterales	Obscuribacteraceae	Obscuribacter		Cyanobacteria
DW01081	Bacteria	Cyanobacteria	Vampirovibrionia	Obscuribacterales	Obscuribacteraceae	Obscuribacter		Cyanobacteria
DW00709	Bacteria	Cyanobacteria	Vampirovibrionia	Obscuribacterales	Obscuribacteraceae	Obscuribacter		Cyanobacteria
DW00557	Bacteria	Cyanobacteria	Vampirovibrionia	Obscuribacterales	Obscuribacteraceae	Obscuribacter		Cyanobacteria
DW00953	Bacteria	Cyanobacteria	Vampirovibrionia	Obscuribacterales	Obscuribacteraceae	Obscuribacter		Cyanobacteria
DW00206	Bacteria	Cyanobacteria	Vampirovibrionia	Obscuribacterales	Obscuribacteraceae			Cyanobacteria
DW01135	Bacteria	Cyanobacteria	Vampirovibrionia	Obscuribacterales	Obscuribacteraceae			Cyanobacteria
DW00729	Bacteria	Cyanobacteria	Vampirovibrionia	Obscuribacterales				Cyanobacteria
DW00608	Bacteria	Cyanobacteria	Vampirovibrionia	Obscuribacterales				Cyanobacteria
DW00199	Bacteria	Cyanobacteria	Vampirovibrionia	Obscuribacterales				Cyanobacteria
DW00719	Bacteria	Cyanobacteria	Vampirovibrionia	Obscuribacterales				Cyanobacteria
DW00212	Bacteria	Cyanobacteria	Vampirovibrionia	Obscuribacterales				Cyanobacteria
DW01166	Bacteria	Cyanobacteria	Vampirovibrionia	Obscuribacterales				Cyanobacteria
DW00529	Bacteria	Cyanobacteria	Vampirovibrionia	Obscuribacterales				Cyanobacteria
DW01137	Bacteria	Cyanobacteria	Vampirovibrionia	Obscuribacterales	SBAT01	SBAT01		Cyanobacteria
DW00710	Bacteria	Cyanobacteria	Vampirovibrionia	Obscuribacterales	SBAT01	SBAT01		Cyanobacteria
DW01138	Bacteria	Cyanobacteria	Vampirovibrionia	Obscuribacterales	SBAT01			Cyanobacteria
DW00528	Bacteria	Cyanobacteria	Vampirovibrionia	Obscuribacterales				Cyanobacteria
DW00193	Bacteria	Cyanobacteria	Vampirovibrionia	Obscuribacterales				Cyanobacteria
DW00095	Bacteria	Cyanobacteria	Vampirovibrionia	Obscuribacterales				Cyanobacteria
DW00213	Bacteria	Cyanobacteria	Vampirovibrionia	Obscuribacterales				Cyanobacteria
DW00755	Bacteria	Cyanobacteria	Vampirovibrionia	Obscuribacterales				Cyanobacteria
DW00572	Bacteria	Cyanobacteria	Vampirovibrionia	2-02-FULL-35-15	2-02-FULL-35-15			Cyanobacteria
DW00944	Bacteria	Cyanobacteria	Vampirovibrionia	Caenarcaniphilales	LMEP-6097			Cyanobacteria
DW00592	Bacteria	Cyanobacteria	Vampirovibrionia	Caenarcaniphilales	LMEP-6097			Cyanobacteria
DW00593	Bacteria	Cyanobacteria	Vampirovibrionia	Caenarcaniphilales	LMEP-6097			Cyanobacteria
DW00606	Bacteria	Cyanobacteria	Vampirovibrionia	Caenarcaniphilales	LMEP-6097			Cyanobacteria
DW00590	Bacteria	Cyanobacteria	Vampirovibrionia	Caenarcaniphilales	LMEP-6097			Cyanobacteria
DW00589	Bacteria	Cyanobacteria	Vampirovibrionia	Caenarcaniphilales	LMEP-6097			Cyanobacteria
DW00591	Bacteria	Cyanobacteria	Vampirovibrionia	Caenarcaniphilales	LMEP-6097			Cyanobacteria
DW00857	Bacteria	Proteobacteria	Gammaproteobacteria	Pseudomonadales	Pseudomonadaceae	Pseudomonas_E		Gammaproteobacteria
DW00890	Bacteria	Proteobacteria	Gammaproteobacteria	Pseudomonadales	Pseudomonadaceae	Pseudomonas_E		Gammaproteobacteria
DW00885	Bacteria	Proteobacteria	Gammaproteobacteria	Pseudomonadales	Pseudomonadaceae	Pseudomonas_E		Gammaproteobacteria
DW00146	Bacteria	Proteobacteria	Gammaproteobacteria	Pseudomonadales	Cellvibrionaceae	Cellvibrio		Gammaproteobacteria
DW00454	Bacteria	Proteobacteria	Gammaproteobacteria	Pseudomonadales	Ketobacteraceae			Gammaproteobacteria
DW00560	Bacteria	Proteobacteria	Gammaproteobacteria	Enterobacterales	Alteromonadaceae	Pararheinheimera		Gammaproteobacteria
DW00895	Bacteria	Proteobacteria	Gammaproteobacteria	Legionellales	Legionellaceae	Legionella		Gammaproteobacteria
DW00760	Bacteria	Proteobacteria	Gammaproteobacteria	Legionellales	Legionellaceae	UBA2653		Gammaproteobacteria
DW00706	Bacteria	Proteobacteria	Gammaproteobacteria	Coxiellales	Coxiellaceae			Gammaproteobacteria
DW00924	Bacteria	Proteobacteria	Gammaproteobacteria	Methylococcales	Methylomonadaceae	Methylobacter_A		Gammaproteobacteria
DW01294	Bacteria	Proteobacteria	Gammaproteobacteria	Methylococcales	Methylomonadaceae	Methyloglobulus		Gammaproteobacteria
DW00615	Bacteria	Proteobacteria	Gammaproteobacteria	Methylococcales	Methylococcaceae	UBA6136		Gammaproteobacteria
DW00947	Bacteria	Proteobacteria	Gammaproteobacteria	GCA-2400775	GCA-2400775	GCA-2400775		Gammaproteobacteria
DW00812	Bacteria	Proteobacteria	Gammaproteobacteria	Ga0077554	Ga007554	Ga0077554		Gammaproteobacteria
DW00800	Bacteria	Proteobacteria	Gammaproteobacteria	Tenderiales	Tenderiaceae	Tenderia		Gammaproteobacteria
DW00880	Bacteria	Proteobacteria	Gammaproteobacteria	Competibacterales				Gammaproteobacteria
DW00991	Bacteria	Proteobacteria	Gammaproteobacteria	Xanthomonadales	Xanthomonadaceae	Pseudoxanthomonas_C		Gammaproteobacteria
DW00546	Bacteria	Proteobacteria	Gammaproteobacteria	Xanthomonadales	Xanthomonadaceae	Pseudoxanthomonas_A		Gammaproteobacteria
DW01092	Bacteria	Proteobacteria	Gammaproteobacteria	Xanthomonadales	Xanthomonadaceae	Arenimonas		Gammaproteobacteria
DW01029	Bacteria	Proteobacteria	Gammaproteobacteria	Steroidobacterales	Steroidobacteraceae	UBA964		Gammaproteobacteria
DW01252	Bacteria	Proteobacteria	Gammaproteobacteria	Steroidobacterales	Steroidobacteraceae	SCUD01		Gammaproteobacteria
DW01267	Bacteria	Proteobacteria	Gammaproteobacteria	Steroidobacterales	Steroidobacteraceae	SCUD01		Gammaproteobacteria
DW01269	Bacteria	Proteobacteria	Gammaproteobacteria	Steroidobacterales	Steroidobacteraceae	SCUD01		Gammaproteobacteria
DW01286	Bacteria	Proteobacteria	Gammaproteobacteria	Steroidobacterales	Steroidobacteraceae	SCUD01		Gammaproteobacteria
DW00799	Bacteria	Proteobacteria	Gammaproteobacteria	Nevskiales	Nevskiaceae	SCVA01		Gammaproteobacteria
DW00744	Bacteria	Proteobacteria	Gammaproteobacteria	Nevskiales	Nevskiaceae	Nevskia		Gammaproteobacteria
DW00355	Bacteria	Proteobacteria	Gammaproteobacteria	Nevskiales	Nevskiaceae	Nevskia		Gammaproteobacteria
DW00746	Bacteria	Proteobacteria	Gammaproteobacteria	Nevskiales	Nevskiaceae	Nevskia		Gammaproteobacteria
DW00533	Bacteria	Proteobacteria	Gammaproteobacteria	Nevskiales	Nevskiaceae	Nevskia		Gammaproteobacteria
DW00301	Bacteria	Proteobacteria	Gammaproteobacteria	Nevskiales	Nevskiaceae	Nevskia		Gammaproteobacteria
DW00245	Bacteria	Proteobacteria	Gammaproteobacteria	UBA5335	UBA5335	Macondimonas		Gammaproteobacteria
DW01265	Bacteria	Proteobacteria	Gammaproteobacteria	UBA5335	UBA5335			Gammaproteobacteria
DW00244	Bacteria	Proteobacteria	Gammaproteobacteria	UBA4486	UBA4486			Gammaproteobacteria
DW01246	Bacteria	Proteobacteria	Gammaproteobacteria	Ga0077536	Ga0077536			Gammaproteobacteria
DW00658	Bacteria	Proteobacteria	Gammaproteobacteria	Ga0077536	Ga0077536			Gammaproteobacteria
DW01291	Bacteria	Proteobacteria	Gammaproteobacteria	UBA7966	UBA7966			Gammaproteobacteria
DW01280	Bacteria	Proteobacteria	Gammaproteobacteria	Immundisolibacterales	Immundisolibacteraceae	Immundisolibacter		Gammaproteobacteria
DW00874	Bacteria	Proteobacteria	Gammaproteobacteria	UBA10353				Gammaproteobacteria
DW00987	Bacteria	Proteobacteria	Gammaproteobacteria	Burkholderiales	Burkholderiaceae	Polynucleobacter		Gammaproteobacteria
DW00973	Bacteria	Proteobacteria	Gammaproteobacteria	Burkholderiales	Burkholderiaceae	Polynucleobacter		Gammaproteobacteria
DW00967	Bacteria	Proteobacteria	Gammaproteobacteria	Burkholderiales	Burkholderiaceae	Polynucleobacter		Gammaproteobacteria
DW00828	Bacteria	Proteobacteria	Gammaproteobacteria	Burkholderiales	Burkholderiaceae	Polynucleobacter		Gammaproteobacteria
DW00692	Bacteria	Proteobacteria	Gammaproteobacteria	Burkholderiales	Burkholderiaceae	Polynucleobacter		Gammaproteobacteria
DW01167	Bacteria	Proteobacteria	Gammaproteobacteria	Burkholderiales	Burkholderiaceae	Pseudoduganella		Gammaproteobacteria
DW00343	Bacteria	Proteobacteria	Gammaproteobacteria	Burkholderiales	Burkholderiaceae	Massilia		Gammaproteobacteria
DW00835	Bacteria	Proteobacteria	Gammaproteobacteria	Burkholderiales	Burkholderiaceae	Massilia		Gammaproteobacteria
DW00248	Bacteria	Proteobacteria	Gammaproteobacteria	Burkholderiales	Burkholderiaceae	SYFN01		Gammaproteobacteria
DW00837	Bacteria	Proteobacteria	Gammaproteobacteria	Burkholderiales	Burkholderiaceae	Herbaspirillum		Gammaproteobacteria
DW00906	Bacteria	Proteobacteria	Gammaproteobacteria	Burkholderiales	Burkholderiaceae	Herminiimonas		Gammaproteobacteria
DW01114	Bacteria	Proteobacteria	Gammaproteobacteria	Burkholderiales	Burkholderiaceae	Herminiimonas		Gammaproteobacteria
DW01185	Bacteria	Proteobacteria	Gammaproteobacteria	Burkholderiales	Burkholderiaceae	Undibacterium		Gammaproteobacteria
DW00978	Bacteria	Proteobacteria	Gammaproteobacteria	Burkholderiales	Burkholderiaceae	Undibacterium		Gammaproteobacteria
DW00507	Bacteria	Proteobacteria	Gammaproteobacteria	Burkholderiales	Burkholderiaceae	Undibacterium		Gammaproteobacteria
DW01044	Bacteria	Proteobacteria	Gammaproteobacteria	Burkholderiales	Burkholderiaceae	Undibacterium		Gammaproteobacteria
DW01179	Bacteria	Proteobacteria	Gammaproteobacteria	Burkholderiales	Burkholderiaceae	Undibacterium		Gammaproteobacteria
DW01241	Bacteria	Proteobacteria	Gammaproteobacteria	Burkholderiales	Burkholderiaceae	Undibacterium		Gammaproteobacteria
DW00809	Bacteria	Proteobacteria	Gammaproteobacteria	Burkholderiales	Burkholderiaceae	Rhodoferax		Gammaproteobacteria
DW01275	Bacteria	Proteobacteria	Gammaproteobacteria	Burkholderiales	Burkholderiaceae	Rhodoferax		Gammaproteobacteria
DW01211	Bacteria	Proteobacteria	Gammaproteobacteria	Burkholderiales	Burkholderiaceae	Hylemonella		Gammaproteobacteria
DW01106	Bacteria	Proteobacteria	Gammaproteobacteria	Burkholderiales	Burkholderiaceae	Hylemonella		Gammaproteobacteria
DW00883	Bacteria	Proteobacteria	Gammaproteobacteria	Burkholderiales	Burkholderiaceae	Hylemonella		Gammaproteobacteria
DW00834	Bacteria	Proteobacteria	Gammaproteobacteria	Burkholderiales	Burkholderiaceae	Polaromonas		Gammaproteobacteria
DW00829	Bacteria	Proteobacteria	Gammaproteobacteria	Burkholderiales	Burkholderiaceae	Polaromonas		Gammaproteobacteria
DW00531	Bacteria	Proteobacteria	Gammaproteobacteria	Burkholderiales	Burkholderiaceae	Polaromonas		Gammaproteobacteria
DW00806	Bacteria	Proteobacteria	Gammaproteobacteria	Burkholderiales	Burkholderiaceae	Polaromonas		Gammaproteobacteria
DW00762	Bacteria	Proteobacteria	Gammaproteobacteria	Burkholderiales	Burkholderiaceae	Polaromonas		Gammaproteobacteria
DW00358	Bacteria	Proteobacteria	Gammaproteobacteria	Burkholderiales	Burkholderiaceae	PHCI01		Gammaproteobacteria
DW00262	Bacteria	Proteobacteria	Gammaproteobacteria	Burkholderiales	Burkholderiaceae	Ramlibacter		Gammaproteobacteria
DW00798	Bacteria	Proteobacteria	Gammaproteobacteria	Burkholderiales	Burkholderiaceae	Limnohabitans		Gammaproteobacteria
DW00599	Bacteria	Proteobacteria	Gammaproteobacteria	Burkholderiales	Burkholderiaceae	Acidovorax_D		Gammaproteobacteria
DW00251	Bacteria	Proteobacteria	Gammaproteobacteria	Burkholderiales	Burkholderiaceae	Acidovorax_D		Gammaproteobacteria
DW01144	Bacteria	Proteobacteria	Gammaproteobacteria	Burkholderiales	Burkholderiaceae	Acidovorax_D		Gammaproteobacteria
DW00679	Bacteria	Proteobacteria	Gammaproteobacteria	Burkholderiales	Burkholderiaceae	Giesbergeria		Gammaproteobacteria
DW01129	Bacteria	Proteobacteria	Gammaproteobacteria	Burkholderiales	Burkholderiaceae	Giesbergeria		Gammaproteobacteria
DW00875	Bacteria	Proteobacteria	Gammaproteobacteria	Burkholderiales	Burkholderiaceae	Hydrogenophaga		Gammaproteobacteria
DW01036	Bacteria	Proteobacteria	Gammaproteobacteria	Burkholderiales	Burkholderiaceae	Hydrogenophaga		Gammaproteobacteria
DW01203	Bacteria	Proteobacteria	Gammaproteobacteria	Burkholderiales	Burkholderiaceae	UBA2334		Gammaproteobacteria
DW01053	Bacteria	Proteobacteria	Gammaproteobacteria	Burkholderiales	Burkholderiaceae	Tepidimonas		Gammaproteobacteria
DW00429	Bacteria	Proteobacteria	Gammaproteobacteria	Burkholderiales	Burkholderiaceae	Pelomonas		Gammaproteobacteria
DW00517	Bacteria	Proteobacteria	Gammaproteobacteria	Burkholderiales	Burkholderiaceae	Pelomonas		Gammaproteobacteria
DW00516	Bacteria	Proteobacteria	Gammaproteobacteria	Burkholderiales	Burkholderiaceae	Pelomonas		Gammaproteobacteria
DW00539	Bacteria	Proteobacteria	Gammaproteobacteria	Burkholderiales	Burkholderiaceae	Kinneretia		Gammaproteobacteria
DW00538	Bacteria	Proteobacteria	Gammaproteobacteria	Burkholderiales	Burkholderiaceae	Kinneretia		Gammaproteobacteria
DW00752	Bacteria	Proteobacteria	Gammaproteobacteria	Burkholderiales	Burkholderiaceae	Rhizobacter		Gammaproteobacteria
DW00223	Bacteria	Proteobacteria	Gammaproteobacteria	Burkholderiales	Burkholderiaceae	QOAZ01		Gammaproteobacteria
DW00456	Bacteria	Proteobacteria	Gammaproteobacteria	Burkholderiales	Burkholderiaceae	Aquabacterium		Gammaproteobacteria
DW01051	Bacteria	Proteobacteria	Gammaproteobacteria	Burkholderiales	Burkholderiaceae	Aquabacterium		Gammaproteobacteria
DW00071	Bacteria	Proteobacteria	Gammaproteobacteria	Burkholderiales	Burkholderiaceae	Schlegelella		Gammaproteobacteria
DW01033	Bacteria	Proteobacteria	Gammaproteobacteria	Burkholderiales	Burkholderiaceae	SYIM01		Gammaproteobacteria
DW01202	Bacteria	Proteobacteria	Gammaproteobacteria	Burkholderiales	Neisseriaceae			Gammaproteobacteria
DW01133	Bacteria	Proteobacteria	Gammaproteobacteria	Burkholderiales	UBA11063	UBA11063		Gammaproteobacteria
DW00508	Bacteria	Proteobacteria	Gammaproteobacteria	Burkholderiales	UBA11063			Gammaproteobacteria
DW00140	Bacteria	Proteobacteria	Gammaproteobacteria	Burkholderiales				Gammaproteobacteria
DW00127	Bacteria	Proteobacteria	Gammaproteobacteria	Burkholderiales				Gammaproteobacteria
DW00649	Bacteria	Proteobacteria	Gammaproteobacteria	Burkholderiales	Methylophilaceae	Methylophilus		Gammaproteobacteria
DW00901	Bacteria	Proteobacteria	Gammaproteobacteria	Burkholderiales	Methylophilaceae	Methylophilus		Gammaproteobacteria
DW00787	Bacteria	Proteobacteria	Gammaproteobacteria	Burkholderiales	Methylophilaceae	Methylotenera_A		Gammaproteobacteria
DW00764	Bacteria	Proteobacteria	Gammaproteobacteria	Burkholderiales	Methylophilaceae	Methylotenera_A		Gammaproteobacteria
DW00664	Bacteria	Proteobacteria	Gammaproteobacteria	Burkholderiales	Methylophilaceae	Methylotenera_A		Gammaproteobacteria
DW00648	Bacteria	Proteobacteria	Gammaproteobacteria	Burkholderiales	Methylophilaceae	Methylotenera		Gammaproteobacteria
DW00831	Bacteria	Proteobacteria	Gammaproteobacteria	Burkholderiales	Methylophilaceae	Methylotenera		Gammaproteobacteria
DW00347	Bacteria	Proteobacteria	Gammaproteobacteria	Burkholderiales	Methylophilaceae	Methylopumilus		Gammaproteobacteria
DW00559	Bacteria	Proteobacteria	Gammaproteobacteria	Burkholderiales	Gallionellaceae	Gallionella		Gammaproteobacteria
DW00910	Bacteria	Proteobacteria	Gammaproteobacteria	Burkholderiales	Gallionellaceae	Gallionella		Gammaproteobacteria
DW00655	Bacteria	Proteobacteria	Gammaproteobacteria	Burkholderiales	Gallionellaceae	Gallionella		Gammaproteobacteria
DW00923	Bacteria	Proteobacteria	Gammaproteobacteria	Burkholderiales	Gallionellaceae	Gallionella		Gammaproteobacteria
DW00640	Bacteria	Proteobacteria	Gammaproteobacteria	Burkholderiales	Gallionellaceae	Gallionella		Gammaproteobacteria
DW00877	Bacteria	Proteobacteria	Gammaproteobacteria	Burkholderiales	Gallionellaceae			Gammaproteobacteria
DW00377	Bacteria	Proteobacteria	Gammaproteobacteria	Burkholderiales	Gallionellaceae	Sideroxydans		Gammaproteobacteria
DW00633	Bacteria	Proteobacteria	Gammaproteobacteria	Burkholderiales	Gallionellaceae	Sideroxydans		Gammaproteobacteria
DW00662	Bacteria	Proteobacteria	Gammaproteobacteria	Burkholderiales	Gallionellaceae	PALSA-1006		Gammaproteobacteria
DW00663	Bacteria	Proteobacteria	Gammaproteobacteria	Burkholderiales	Gallionellaceae	PALSA-1006		Gammaproteobacteria
DW01277	Bacteria	Proteobacteria	Gammaproteobacteria	Burkholderiales	Gallionellaceae	Nitrotoga		Gammaproteobacteria
DW00387	Bacteria	Proteobacteria	Gammaproteobacteria	Burkholderiales	Gallionellaceae	39-52-133		Gammaproteobacteria
DW00641	Bacteria	Proteobacteria	Gammaproteobacteria	Burkholderiales	Sulfuricellaceae	Sulfuricella		Gammaproteobacteria
DW00871	Bacteria	Proteobacteria	Gammaproteobacteria	Burkholderiales	Thiobacillaceae	Thiobacillus		Gammaproteobacteria
DW00873	Bacteria	Proteobacteria	Gammaproteobacteria	Burkholderiales	Thiobacillaceae			Gammaproteobacteria
DW00868	Bacteria	Proteobacteria	Gammaproteobacteria	Burkholderiales	Rhodocyclaceae	Azonexus		Gammaproteobacteria
DW01204	Bacteria	Proteobacteria	Gammaproteobacteria	Burkholderiales	Rhodocyclaceae	Ga0074130		Gammaproteobacteria
DW00258	Bacteria	Proteobacteria	Gammaproteobacteria	Burkholderiales	Rhodocyclaceae	Ga0074130		Gammaproteobacteria
DW00275	Bacteria	Proteobacteria	Gammaproteobacteria	Burkholderiales	SG8-39	RBG-16-66-20		Gammaproteobacteria
DW00346	Bacteria	Proteobacteria	Gammaproteobacteria	Burkholderiales	Ga0077523	Ga0077523		Gammaproteobacteria
DW01214	Bacteria	Proteobacteria	Gammaproteobacteria	Burkholderiales	Ga0077523	Ga0077523		Gammaproteobacteria
DW00274	Bacteria	Proteobacteria	Gammaproteobacteria	Burkholderiales	Ga0077523			Gammaproteobacteria
DW01156	Bacteria	Proteobacteria	Gammaproteobacteria	Burkholderiales	Nitrosomonadaceae	Nitrosomonas		Gammaproteobacteria
DW01151	Bacteria	Proteobacteria	Gammaproteobacteria	Burkholderiales	Nitrosomonadaceae	Nitrosomonas		Gammaproteobacteria
DW00794	Bacteria	Proteobacteria	Gammaproteobacteria	Burkholderiales	Nitrosomonadaceae	Nitrosomonas		Gammaproteobacteria
DW01182	Bacteria	Proteobacteria	Gammaproteobacteria	Burkholderiales	Nitrosomonadaceae	Nitrosomonas		Gammaproteobacteria
DW00600	Bacteria	Proteobacteria	Gammaproteobacteria	Burkholderiales	Nitrosomonadaceae	Nitrosomonas		Gammaproteobacteria
DW01187	Bacteria	Proteobacteria	Gammaproteobacteria	Burkholderiales	Nitrosomonadaceae			Gammaproteobacteria
DW01287	Bacteria	Proteobacteria	Gammaproteobacteria	Burkholderiales	SG8-41	SG8-41		Gammaproteobacteria
DW00653	Bacteria	Proteobacteria	Gammaproteobacteria	Burkholderiales	SG8-41	Ga0077527		Gammaproteobacteria
DW00922	Bacteria	Proteobacteria	Gammaproteobacteria	Burkholderiales	SG8-41	Ga0077527		Gammaproteobacteria
DW00754	Bacteria	Proteobacteria	Gammaproteobacteria	Burkholderiales	SG8-41	Ga0077527		Gammaproteobacteria
DW01205	Bacteria	Proteobacteria	Gammaproteobacteria	Burkholderiales	SG8-41	Ga0077527		Gammaproteobacteria
DW00743	Bacteria	Proteobacteria	Gammaproteobacteria	Burkholderiales	SG8-41	Ga0077527		Gammaproteobacteria
DW00682	Bacteria	Proteobacteria	Gammaproteobacteria	Burkholderiales	SG8-41	Ga0077527		Gammaproteobacteria
DW00634	Bacteria	Proteobacteria	Gammaproteobacteria	Burkholderiales	SG8-41	Ga0077527		Gammaproteobacteria
DW00822	Bacteria	Proteobacteria	Gammaproteobacteria	Burkholderiales	SG8-41	UBA5216		Gammaproteobacteria
DW00294	Bacteria	Proteobacteria	Gammaproteobacteria	Burkholderiales	SG8-41			Gammaproteobacteria
DW00257	Bacteria	Proteobacteria	Gammaproteobacteria	Burkholderiales	SG8-41			Gammaproteobacteria
DW01293	Bacteria	Proteobacteria	Gammaproteobacteria	Burkholderiales	SG8-40			Gammaproteobacteria
DW00911	Bacteria	Proteobacteria	Gammaproteobacteria	Burkholderiales	Ferrovaceae			Gammaproteobacteria
DW00907	Bacteria	Proteobacteria	Alphaproteobacteria	Rhizobiales	Rhizobiaceae	FKL33		Alphaproteobacteria
DW00718	Bacteria	Proteobacteria	Alphaproteobacteria	Rhizobiales	Xanthobacteraceae	Bradyrhizobium		Alphaproteobacteria
DW00290	Bacteria	Proteobacteria	Alphaproteobacteria	Rhizobiales	Xanthobacteraceae	Bradyrhizobium		Alphaproteobacteria
DW00243	Bacteria	Proteobacteria	Alphaproteobacteria	Rhizobiales	Xanthobacteraceae	Bradyrhizobium		Alphaproteobacteria
DW00247	Bacteria	Proteobacteria	Alphaproteobacteria	Rhizobiales	Xanthobacteraceae	Bradyrhizobium		Alphaproteobacteria
DW00288	Bacteria	Proteobacteria	Alphaproteobacteria	Rhizobiales	Xanthobacteraceae	Bradyrhizobium		Alphaproteobacteria
DW00620	Bacteria	Proteobacteria	Alphaproteobacteria	Rhizobiales	Xanthobacteraceae	Afipia		Alphaproteobacteria
DW01188	Bacteria	Proteobacteria	Alphaproteobacteria	Rhizobiales	Xanthobacteraceae	Afipia		Alphaproteobacteria
DW00941	Bacteria	Proteobacteria	Alphaproteobacteria	Rhizobiales	Xanthobacteraceae	Afipia		Alphaproteobacteria
DW00870	Bacteria	Proteobacteria	Alphaproteobacteria	Rhizobiales	Xanthobacteraceae	Afipia		Alphaproteobacteria
DW00621	Bacteria	Proteobacteria	Alphaproteobacteria	Rhizobiales	Xanthobacteraceae	SG-bin9		Alphaproteobacteria
DW00270	Bacteria	Proteobacteria	Alphaproteobacteria	Rhizobiales	Xanthobacteraceae	SG-bin9		Alphaproteobacteria
DW00229	Bacteria	Proteobacteria	Alphaproteobacteria	Rhizobiales	Xanthobacteraceae	SG-bin9		Alphaproteobacteria
DW00713	Bacteria	Proteobacteria	Alphaproteobacteria	Rhizobiales	Xanthobacteraceae	SG-bin9		Alphaproteobacteria
DW00751	Bacteria	Proteobacteria	Alphaproteobacteria	Rhizobiales	Xanthobacteraceae	SG-bin9		Alphaproteobacteria
DW00289	Bacteria	Proteobacteria	Alphaproteobacteria	Rhizobiales	Xanthobacteraceae	Pseudorhodoplanes		Alphaproteobacteria
DW01111	Bacteria	Proteobacteria	Alphaproteobacteria	Rhizobiales	Xanthobacteraceae	VAZQ01		Alphaproteobacteria
DW00232	Bacteria	Proteobacteria	Alphaproteobacteria	Rhizobiales	Xanthobacteraceae	BOG-931		Alphaproteobacteria
DW01109	Bacteria	Proteobacteria	Alphaproteobacteria	Rhizobiales	Xanthobacteraceae	Z2-YC6860		Alphaproteobacteria
DW00261	Bacteria	Proteobacteria	Alphaproteobacteria	Rhizobiales	Xanthobacteraceae	Z2-YC6860		Alphaproteobacteria
DW00820	Bacteria	Proteobacteria	Alphaproteobacteria	Rhizobiales	Xanthobacteraceae	Z2-YC6860		Alphaproteobacteria
DW00826	Bacteria	Proteobacteria	Alphaproteobacteria	Rhizobiales	Xanthobacteraceae	Ga0077548		Alphaproteobacteria
DW00688	Bacteria	Proteobacteria	Alphaproteobacteria	Rhizobiales	Xanthobacteraceae	Ga0077548		Alphaproteobacteria
DW01011	Bacteria	Proteobacteria	Alphaproteobacteria	Rhizobiales	Xanthobacteraceae	Ga0077548		Alphaproteobacteria
DW01074	Bacteria	Proteobacteria	Alphaproteobacteria	Rhizobiales	Beijerinckiaceae	Methylobacterium		Alphaproteobacteria
DW01172	Bacteria	Proteobacteria	Alphaproteobacteria	Rhizobiales	Beijerinckiaceae	Methylobacterium		Alphaproteobacteria
DW01213	Bacteria	Proteobacteria	Alphaproteobacteria	Rhizobiales	Beijerinckiaceae	Methylobacterium		Alphaproteobacteria
DW01175	Bacteria	Proteobacteria	Alphaproteobacteria	Rhizobiales	Beijerinckiaceae	Methylobacterium		Alphaproteobacteria
DW01162	Bacteria	Proteobacteria	Alphaproteobacteria	Rhizobiales	Beijerinckiaceae	Bosea		Alphaproteobacteria
DW00075	Bacteria	Proteobacteria	Alphaproteobacteria	Rhizobiales	Beijerinckiaceae	Bosea		Alphaproteobacteria
DW00637	Bacteria	Proteobacteria	Alphaproteobacteria	Rhizobiales	Beijerinckiaceae	28-YEA-48		Alphaproteobacteria
DW00503	Bacteria	Proteobacteria	Alphaproteobacteria	Rhizobiales	Beijerinckiaceae	28-YEA-48		Alphaproteobacteria
DW00696	Bacteria	Proteobacteria	Alphaproteobacteria	Rhizobiales	Beijerinckiaceae	Methylocystis		Alphaproteobacteria
DW00705	Bacteria	Proteobacteria	Alphaproteobacteria	Rhizobiales	Beijerinckiaceae	Methylocystis		Alphaproteobacteria
DW00573	Bacteria	Proteobacteria	Alphaproteobacteria	Rhizobiales	Beijerinckiaceae	Methylocystis		Alphaproteobacteria
DW01119	Bacteria	Proteobacteria	Alphaproteobacteria	Rhizobiales	Beijerinckiaceae			Alphaproteobacteria
DW00362	Bacteria	Proteobacteria	Alphaproteobacteria	Rhizobiales	UBA4765	UBA4765		Alphaproteobacteria
DW00295	Bacteria	Proteobacteria	Alphaproteobacteria	Rhizobiales	UBA4765	UBA4765		Alphaproteobacteria
DW01198	Bacteria	Proteobacteria	Alphaproteobacteria	Rhizobiales	Hyphomicrobiaceae	Hyphomicrobium		Alphaproteobacteria
DW01073	Bacteria	Proteobacteria	Alphaproteobacteria	Rhizobiales	Hyphomicrobiaceae	Hyphomicrobium		Alphaproteobacteria
DW00225	Bacteria	Proteobacteria	Alphaproteobacteria	Rhizobiales	Hyphomicrobiaceae	Hyphomicrobium		Alphaproteobacteria
DW00224	Bacteria	Proteobacteria	Alphaproteobacteria	Rhizobiales	Hyphomicrobiaceae	Hyphomicrobium		Alphaproteobacteria
DW01082	Bacteria	Proteobacteria	Alphaproteobacteria	Rhizobiales	Hyphomicrobiaceae	Hyphomicrobium		Alphaproteobacteria
DW00635	Bacteria	Proteobacteria	Alphaproteobacteria	Rhizobiales	Hyphomicrobiaceae	Hyphomicrobium		Alphaproteobacteria
DW00565	Bacteria	Proteobacteria	Alphaproteobacteria	Rhizobiales	Hyphomicrobiaceae	Hyphomicrobium		Alphaproteobacteria
DW00930	Bacteria	Proteobacteria	Alphaproteobacteria	Rhizobiales	Hyphomicrobiaceae	Hyphomicrobium		Alphaproteobacteria
DW01296	Bacteria	Proteobacteria	Alphaproteobacteria	Rhizobiales	Hyphomicrobiaceae	Hyphomicrobium		Alphaproteobacteria
DW00062	Bacteria	Proteobacteria	Alphaproteobacteria	Rhizobiales	Hyphomicrobiaceae	Hyphomicrobium		Alphaproteobacteria
DW01191	Bacteria	Proteobacteria	Alphaproteobacteria	Rhizobiales	Hyphomicrobiaceae	Hyphomicrobium		Alphaproteobacteria
DW00491	Bacteria	Proteobacteria	Alphaproteobacteria	Rhizobiales	Hyphomicrobiaceae	Hyphomicrobium		Alphaproteobacteria
DW00148	Bacteria	Proteobacteria	Alphaproteobacteria	Rhizobiales	Hyphomicrobiaceae	Hyphomicrobium		Alphaproteobacteria
DW00256	Bacteria	Proteobacteria	Alphaproteobacteria	Rhizobiales	Hyphomicrobiaceae	Hyphomicrobium		Alphaproteobacteria
DW01195	Bacteria	Proteobacteria	Alphaproteobacteria	Rhizobiales	Hyphomicrobiaceae	Hyphomicrobium		Alphaproteobacteria
DW01070	Bacteria	Proteobacteria	Alphaproteobacteria	Rhizobiales	Hyphomicrobiaceae			Alphaproteobacteria
DW00103	Bacteria	Proteobacteria	Alphaproteobacteria	Rhizobiales	Hyphomicrobiaceae			Alphaproteobacteria
DW01110	Bacteria	Proteobacteria	Alphaproteobacteria	Rhizobiales	Hyphomicrobiaceae	AWTP1-13		Alphaproteobacteria
DW00617	Bacteria	Proteobacteria	Alphaproteobacteria	Rhizobiales	Hyphomicrobiaceae			Alphaproteobacteria
DW00139	Bacteria	Proteobacteria	Alphaproteobacteria	Rhizobiales	Hyphomicrobiaceae			Alphaproteobacteria
DW00643	Bacteria	Proteobacteria	Alphaproteobacteria	Rhizobiales	Hyphomicrobiaceae			Alphaproteobacteria
DW01255	Bacteria	Proteobacteria	Alphaproteobacteria	Rhizobiales	Anderseniellaceae	PALSA-927		Alphaproteobacteria
DW01007	Bacteria	Proteobacteria	Alphaproteobacteria	Rhizobiales	Anderseniellaceae	QKVK01		Alphaproteobacteria
DW00900	Bacteria	Proteobacteria	Alphaproteobacteria	Rhodobacterales	Rhodobacteraceae	QY30		Alphaproteobacteria
DW01061	Bacteria	Proteobacteria	Alphaproteobacteria	Rhodobacterales	Rhodobacteraceae	Tabrizicola		Alphaproteobacteria
DW00636	Bacteria	Proteobacteria	Alphaproteobacteria	Rhodobacterales	Rhodobacteraceae			Alphaproteobacteria
DW00361	Bacteria	Proteobacteria	Alphaproteobacteria	Rhodobacterales	Rhodobacteraceae			Alphaproteobacteria
DW00080	Bacteria	Proteobacteria	Alphaproteobacteria	Rhodobacterales	Rhodobacteraceae			Alphaproteobacteria
DW00281	Bacteria	Proteobacteria	Alphaproteobacteria	Caulobacterales	Caulobacteraceae	Brevundimonas		Alphaproteobacteria
DW01181	Bacteria	Proteobacteria	Alphaproteobacteria	Caulobacterales	Caulobacteraceae	Brevundimonas		Alphaproteobacteria
DW00611	Bacteria	Proteobacteria	Alphaproteobacteria	Caulobacterales	Caulobacteraceae	Brevundimonas		Alphaproteobacteria
DW01239	Bacteria	Proteobacteria	Alphaproteobacteria	Caulobacterales	Caulobacteraceae	Brevundimonas		Alphaproteobacteria
DW01238	Bacteria	Proteobacteria	Alphaproteobacteria	Caulobacterales	Caulobacteraceae	Brevundimonas		Alphaproteobacteria
DW00497	Bacteria	Proteobacteria	Alphaproteobacteria	Caulobacterales	Caulobacteraceae	Caulobacter		Alphaproteobacteria
DW00238	Bacteria	Proteobacteria	Alphaproteobacteria	Caulobacterales	Caulobacteraceae	Caulobacter		Alphaproteobacteria
DW00960	Bacteria	Proteobacteria	Alphaproteobacteria	Caulobacterales	Caulobacteraceae	Caulobacter		Alphaproteobacteria
DW01193	Bacteria	Proteobacteria	Alphaproteobacteria	Caulobacterales	Hyphomonadaceae	SWB02		Alphaproteobacteria
DW01263	Bacteria	Proteobacteria	Alphaproteobacteria	Caulobacterales	Hyphomonadaceae	SWB02		Alphaproteobacteria
DW01194	Bacteria	Proteobacteria	Alphaproteobacteria	Caulobacterales	Hyphomonadaceae	SWB02		Alphaproteobacteria
DW00818	Bacteria	Proteobacteria	Alphaproteobacteria	Caulobacterales	Hyphomonadaceae	SWB02		Alphaproteobacteria
DW00926	Bacteria	Proteobacteria	Alphaproteobacteria	Caulobacterales	Hyphomonadaceae	VFBF01		Alphaproteobacteria
DW00548	Bacteria	Proteobacteria	Alphaproteobacteria	Caulobacterales	Hyphomonadaceae	VFBF01		Alphaproteobacteria
DW00547	Bacteria	Proteobacteria	Alphaproteobacteria	Caulobacterales	Hyphomonadaceae	VFBF01		Alphaproteobacteria
DW00654	Bacteria	Proteobacteria	Alphaproteobacteria	Caulobacterales	Hyphomonadaceae			Alphaproteobacteria
DW00647	Bacteria	Proteobacteria	Alphaproteobacteria	Caulobacterales	Hyphomonadaceae			Alphaproteobacteria
DW00064	Bacteria	Proteobacteria	Alphaproteobacteria	Caulobacterales	Hyphomonadaceae			Alphaproteobacteria
DW00795	Bacteria	Proteobacteria	Alphaproteobacteria	Caulobacterales	Hyphomonadaceae			Alphaproteobacteria
DW00059	Bacteria	Proteobacteria	Alphaproteobacteria	Caulobacterales	Hyphomonadaceae			Alphaproteobacteria
DW00336	Bacteria	Proteobacteria	Alphaproteobacteria	Caulobacterales	Hyphomonadaceae	UBA4763		Alphaproteobacteria
DW00786	Bacteria	Proteobacteria	Alphaproteobacteria	Caulobacterales	Hyphomonadaceae	UBA4763		Alphaproteobacteria
DW00527	Bacteria	Proteobacteria	Alphaproteobacteria	Caulobacterales	Hyphomonadaceae	UBA4763		Alphaproteobacteria
DW00273	Bacteria	Proteobacteria	Alphaproteobacteria	Caulobacterales	Parvularculaceae	CV81		Alphaproteobacteria
DW00226	Bacteria	Proteobacteria	Alphaproteobacteria	Caulobacterales	Parvularculaceae	CV81		Alphaproteobacteria
DW00919	Bacteria	Proteobacteria	Alphaproteobacteria	Caulobacterales	Parvularculaceae	CV81		Alphaproteobacteria
DW00914	Bacteria	Proteobacteria	Alphaproteobacteria	Caulobacterales	Parvularculaceae	CV81		Alphaproteobacteria
DW01093	Bacteria	Proteobacteria	Alphaproteobacteria	Caulobacterales	Parvularculaceae	CV81		Alphaproteobacteria
DW00228	Bacteria	Proteobacteria	Alphaproteobacteria	Caulobacterales	Parvularculaceae	CV81		Alphaproteobacteria
DW01165	Bacteria	Proteobacteria	Alphaproteobacteria	Caulobacterales	Parvularculaceae			Alphaproteobacteria
DW01050	Bacteria	Proteobacteria	Alphaproteobacteria	Caulobacterales	Parvularculaceae	Amphiplicatus		Alphaproteobacteria
DW00284	Bacteria	Proteobacteria	Alphaproteobacteria	Caulobacterales	Parvularculaceae	Amphiplicatus		Alphaproteobacteria
DW00898	Bacteria	Proteobacteria	Alphaproteobacteria	UBA1301	UBA1301	UBA6038		Alphaproteobacteria
DW01259	Bacteria	Proteobacteria	Alphaproteobacteria	UBA11222	UBA11222	UBA11222		Alphaproteobacteria
DW00175	Bacteria	Proteobacteria	Alphaproteobacteria	UBA11222	UBA11222			Alphaproteobacteria
DW00734	Bacteria	Proteobacteria	Alphaproteobacteria	Sphingomonadales	Sphingomonadaceae	Porphyrobacter		Alphaproteobacteria
DW00328	Bacteria	Proteobacteria	Alphaproteobacteria	Sphingomonadales	Sphingomonadaceae	Porphyrobacter		Alphaproteobacteria
DW01039	Bacteria	Proteobacteria	Alphaproteobacteria	Sphingomonadales	Sphingomonadaceae	Porphyrobacter		Alphaproteobacteria
DW00174	Bacteria	Proteobacteria	Alphaproteobacteria	Sphingomonadales	Sphingomonadaceae	Porphyrobacter		Alphaproteobacteria
DW00505	Bacteria	Proteobacteria	Alphaproteobacteria	Sphingomonadales	Sphingomonadaceae	Porphyrobacter		Alphaproteobacteria
DW01120	Bacteria	Proteobacteria	Alphaproteobacteria	Sphingomonadales	Sphingomonadaceae	Porphyrobacter		Alphaproteobacteria
DW01160	Bacteria	Proteobacteria	Alphaproteobacteria	Sphingomonadales	Sphingomonadaceae	Qipengyuania		Alphaproteobacteria
DW01260	Bacteria	Proteobacteria	Alphaproteobacteria	Sphingomonadales	Sphingomonadaceae	Erythrobacter_B		Alphaproteobacteria
DW01025	Bacteria	Proteobacteria	Alphaproteobacteria	Sphingomonadales	Sphingomonadaceae	Novosphingobium		Alphaproteobacteria
DW00535	Bacteria	Proteobacteria	Alphaproteobacteria	Sphingomonadales	Sphingomonadaceae	Novosphingobium		Alphaproteobacteria
DW01266	Bacteria	Proteobacteria	Alphaproteobacteria	Sphingomonadales	Sphingomonadaceae	Novosphingobium		Alphaproteobacteria
DW00476	Bacteria	Proteobacteria	Alphaproteobacteria	Sphingomonadales	Sphingomonadaceae	Novosphingobium		Alphaproteobacteria
DW00353	Bacteria	Proteobacteria	Alphaproteobacteria	Sphingomonadales	Sphingomonadaceae	Novosphingobium		Alphaproteobacteria
DW00881	Bacteria	Proteobacteria	Alphaproteobacteria	Sphingomonadales	Sphingomonadaceae	Novosphingobium		Alphaproteobacteria
DW00525	Bacteria	Proteobacteria	Alphaproteobacteria	Sphingomonadales	Sphingomonadaceae	Novosphingobium		Alphaproteobacteria
DW01121	Bacteria	Proteobacteria	Alphaproteobacteria	Sphingomonadales	Sphingomonadaceae	Novosphingobium		Alphaproteobacteria
DW00866	Bacteria	Proteobacteria	Alphaproteobacteria	Sphingomonadales	Sphingomonadaceae	Novosphingobium		Alphaproteobacteria
DW00063	Bacteria	Proteobacteria	Alphaproteobacteria	Sphingomonadales	Sphingomonadaceae	Novosphingobium		Alphaproteobacteria
DW00619	Bacteria	Proteobacteria	Alphaproteobacteria	Sphingomonadales	Sphingomonadaceae	Novosphingobium		Alphaproteobacteria
DW00830	Bacteria	Proteobacteria	Alphaproteobacteria	Sphingomonadales	Sphingomonadaceae	Novosphingobium		Alphaproteobacteria
DW00467	Bacteria	Proteobacteria	Alphaproteobacteria	Sphingomonadales	Sphingomonadaceae	Novosphingobium		Alphaproteobacteria
DW01046	Bacteria	Proteobacteria	Alphaproteobacteria	Sphingomonadales	Sphingomonadaceae	Sphingorhabdus_B		Alphaproteobacteria
DW01019	Bacteria	Proteobacteria	Alphaproteobacteria	Sphingomonadales	Sphingomonadaceae	Sphingopyxis		Alphaproteobacteria
DW00524	Bacteria	Proteobacteria	Alphaproteobacteria	Sphingomonadales	Sphingomonadaceae	Sphingopyxis		Alphaproteobacteria
DW01056	Bacteria	Proteobacteria	Alphaproteobacteria	Sphingomonadales	Sphingomonadaceae	Sphingopyxis		Alphaproteobacteria
DW00240	Bacteria	Proteobacteria	Alphaproteobacteria	Sphingomonadales	Sphingomonadaceae	Sphingopyxis		Alphaproteobacteria
DW01040	Bacteria	Proteobacteria	Alphaproteobacteria	Sphingomonadales	Sphingomonadaceae	Sphingopyxis		Alphaproteobacteria
DW00622	Bacteria	Proteobacteria	Alphaproteobacteria	Sphingomonadales	Sphingomonadaceae	Sphingopyxis		Alphaproteobacteria
DW00879	Bacteria	Proteobacteria	Alphaproteobacteria	Sphingomonadales	Sphingomonadaceae	Sphingobium		Alphaproteobacteria
DW00656	Bacteria	Proteobacteria	Alphaproteobacteria	Sphingomonadales	Sphingomonadaceae	Sphingomonas		Alphaproteobacteria
DW00929	Bacteria	Proteobacteria	Alphaproteobacteria	Sphingomonadales	Sphingomonadaceae	Sphingomonas		Alphaproteobacteria
DW00460	Bacteria	Proteobacteria	Alphaproteobacteria	Sphingomonadales	Sphingomonadaceae	Sphingomonas		Alphaproteobacteria
DW00761	Bacteria	Proteobacteria	Alphaproteobacteria	Sphingomonadales	Sphingomonadaceae	Sphingomonas		Alphaproteobacteria
DW00896	Bacteria	Proteobacteria	Alphaproteobacteria	Sphingomonadales	Sphingomonadaceae	Sphingomonas		Alphaproteobacteria
DW00660	Bacteria	Proteobacteria	Alphaproteobacteria	Sphingomonadales	Sphingomonadaceae	Sphingomonas		Alphaproteobacteria
DW01026	Bacteria	Proteobacteria	Alphaproteobacteria	Sphingomonadales	Sphingomonadaceae	Sphingomonas		Alphaproteobacteria
DW00515	Bacteria	Proteobacteria	Alphaproteobacteria	Sphingomonadales	Sphingomonadaceae	Sphingomonas		Alphaproteobacteria
DW00514	Bacteria	Proteobacteria	Alphaproteobacteria	Sphingomonadales	Sphingomonadaceae	Sphingomonas		Alphaproteobacteria
DW01126	Bacteria	Proteobacteria	Alphaproteobacteria	Sphingomonadales	Sphingomonadaceae	Sphingomonas		Alphaproteobacteria
DW00869	Bacteria	Proteobacteria	Alphaproteobacteria	Sphingomonadales	Sphingomonadaceae	Sphingomonas		Alphaproteobacteria
DW00905	Bacteria	Proteobacteria	Alphaproteobacteria	Sphingomonadales	Sphingomonadaceae	Sphingomonas		Alphaproteobacteria
DW01124	Bacteria	Proteobacteria	Alphaproteobacteria	Sphingomonadales	Sphingomonadaceae	Sphingomonas		Alphaproteobacteria
DW01125	Bacteria	Proteobacteria	Alphaproteobacteria	Sphingomonadales	Sphingomonadaceae	Sphingomonas		Alphaproteobacteria
DW00446	Bacteria	Proteobacteria	Alphaproteobacteria	Sphingomonadales	Sphingomonadaceae	Sphingomonas		Alphaproteobacteria
DW00513	Bacteria	Proteobacteria	Alphaproteobacteria	Sphingomonadales	Sphingomonadaceae	Sphingomonas		Alphaproteobacteria
DW00106	Bacteria	Proteobacteria	Alphaproteobacteria	Sphingomonadales	Sphingomonadaceae	Sphingomonas		Alphaproteobacteria
DW00659	Bacteria	Proteobacteria	Alphaproteobacteria	Sphingomonadales	Sphingomonadaceae	Sphingomonas		Alphaproteobacteria
DW00473	Bacteria	Proteobacteria	Alphaproteobacteria	Sphingomonadales	Sphingomonadaceae	Sphingomonas		Alphaproteobacteria
DW00260	Bacteria	Proteobacteria	Alphaproteobacteria	Sphingomonadales	Sphingomonadaceae	K2R01-6		Alphaproteobacteria
DW00149	Bacteria	Proteobacteria	Alphaproteobacteria	Sphingomonadales	Sphingomonadaceae	Sphingomonas_A		Alphaproteobacteria
DW00498	Bacteria	Proteobacteria	Alphaproteobacteria	Ferrovibrionales	Ferrovibrionaceae	Ferrovibrio		Alphaproteobacteria
DW00111	Bacteria	Proteobacteria	Alphaproteobacteria	Ferrovibrionales	Ferrovibrionaceae			Alphaproteobacteria
DW00502	Bacteria	Proteobacteria	Alphaproteobacteria	SMXQ01	SMXQ01			Alphaproteobacteria
DW00249	Bacteria	Proteobacteria	Alphaproteobacteria	SMXQ01	SMXQ01			Alphaproteobacteria
DW00504	Bacteria	Proteobacteria	Alphaproteobacteria	SMXQ01	SMXQ01			Alphaproteobacteria
DW00233	Bacteria	Proteobacteria	Alphaproteobacteria	SMXQ01	SMXQ01			Alphaproteobacteria
DW00271	Bacteria	Proteobacteria	Alphaproteobacteria	SMXQ01	SMXQ01			Alphaproteobacteria
DW00925	Bacteria	Proteobacteria	Alphaproteobacteria	SMXQ01	SMXQ01			Alphaproteobacteria
DW00927	Bacteria	Proteobacteria	Alphaproteobacteria	Rhodospirillales	2-12-FULL-67-15			Alphaproteobacteria
DW00107	Bacteria	Proteobacteria	Alphaproteobacteria	Acetobacterales	Acetobacteraceae	Crenalkalicoccus		Alphaproteobacteria
DW01075	Bacteria	Proteobacteria	Alphaproteobacteria	Acetobacterales	Acetobacteraceae	Crenalkalicoccus		Alphaproteobacteria
DW00116	Bacteria	Proteobacteria	Alphaproteobacteria	Acetobacterales	Acetobacteraceae	Crenalkalicoccus		Alphaproteobacteria
DW01173	Bacteria	Proteobacteria	Alphaproteobacteria	Acetobacterales	Acetobacteraceae	Crenalkalicoccus		Alphaproteobacteria
DW00956	Bacteria	Proteobacteria	Alphaproteobacteria	Acetobacterales	Acetobacteraceae	Crenalkalicoccus		Alphaproteobacteria
DW00646	Bacteria	Proteobacteria	Alphaproteobacteria	Acetobacterales	Acetobacteraceae	Roseomonas_A		Alphaproteobacteria
DW01158	Bacteria	Proteobacteria	Alphaproteobacteria	Acetobacterales	Acetobacteraceae	Roseomonas_A		Alphaproteobacteria
DW01161	Bacteria	Proteobacteria	Alphaproteobacteria	Acetobacterales	Acetobacteraceae	Rubritepida		Alphaproteobacteria
DW00488	Bacteria	Proteobacteria	Alphaproteobacteria	Acetobacterales	Acetobacteraceae	Rubritepida		Alphaproteobacteria
DW01174	Bacteria	Proteobacteria	Alphaproteobacteria	Acetobacterales	Acetobacteraceae			Alphaproteobacteria
DW00745	Bacteria	Proteobacteria	Alphaproteobacteria	Acetobacterales	Acetobacteraceae	Rhodovarius		Alphaproteobacteria
DW00645	Bacteria	Proteobacteria	Alphaproteobacteria	Acetobacterales	Acetobacteraceae	Rhodovarius		Alphaproteobacteria
DW00137	Bacteria	Proteobacteria	Alphaproteobacteria	Acetobacterales	Acetobacteraceae	Rhodovarius		Alphaproteobacteria
DW00113	Bacteria	Proteobacteria	Alphaproteobacteria	Acetobacterales	Acetobacteraceae	Rhodovarius		Alphaproteobacteria
DW00732	Bacteria	Proteobacteria	Alphaproteobacteria	Reyranellales	Reyranellaceae	Reyranella		Alphaproteobacteria
DW00708	Bacteria	Proteobacteria	Alphaproteobacteria	Reyranellales	Reyranellaceae	Reyranella		Alphaproteobacteria
DW01210	Bacteria	Proteobacteria	Alphaproteobacteria	Reyranellales	Reyranellaceae	Reyranella		Alphaproteobacteria
DW00521	Bacteria	Proteobacteria	Alphaproteobacteria	Dongiales	Dongiaceae	Dongia		Alphaproteobacteria
DW00068	Bacteria	Proteobacteria	Alphaproteobacteria	Dongiales	Dongiaceae	SYSU-D60009		Alphaproteobacteria
DW00263	Bacteria	Proteobacteria	Alphaproteobacteria	Dongiales	Dongiaceae	SYSU-D60009		Alphaproteobacteria
DW01297	Bacteria	Proteobacteria	Alphaproteobacteria	Dongiales	Dongiaceae			Alphaproteobacteria
DW00908	Bacteria	Proteobacteria	Alphaproteobacteria	UBA8366	UBA8366			Alphaproteobacteria
DW00825	Bacteria	Proteobacteria	Alphaproteobacteria	Micavibrionales	Micavibrionaceae			Alphaproteobacteria
DW00350	Bacteria	Proteobacteria	Alphaproteobacteria	Micavibrionales	Micavibrionaceae			Alphaproteobacteria
DW00495	Bacteria	Proteobacteria	Alphaproteobacteria	Micavibrionales	Micavibrionaceae	UBA6145		Alphaproteobacteria
DW00506	Bacteria	Proteobacteria	Alphaproteobacteria	Micavibrionales	UBA2020	UBA2020		Alphaproteobacteria
DW00378	Bacteria	Proteobacteria	Alphaproteobacteria	Micavibrionales	UBA2020			Alphaproteobacteria
DW00851	Bacteria	Proteobacteria	Alphaproteobacteria	Micavibrionales_A				Alphaproteobacteria
DW00395	Bacteria	Proteobacteria	Alphaproteobacteria	Micavibrionales_A				Alphaproteobacteria
DW00847	Bacteria	Proteobacteria	Alphaproteobacteria	Micavibrionales_A				Alphaproteobacteria
DW00716	Bacteria	Proteobacteria	Alphaproteobacteria	Micavibrionales_A				Alphaproteobacteria
DW00403	Bacteria	Proteobacteria	Alphaproteobacteria	Pelagibacterales	Pelagibacteraceae	Fonsibacter		Alphaproteobacteria
DW01177	Bacteria	Proteobacteria	Alphaproteobacteria	Rickettsiales	Midichloriaceae	Marinoinvertebrata		Alphaproteobacteria
DW00758	Bacteria	Proteobacteria	Alphaproteobacteria	Rickettsiales	UBA3002	UBA6178		Alphaproteobacteria
DW00489	Bacteria	Proteobacteria	Alphaproteobacteria	Rickettsiales	UBA3002			Alphaproteobacteria
DW00940	Bacteria	Proteobacteria	Alphaproteobacteria	Rickettsiales	UBA3002	QFOX01		Alphaproteobacteria
DW00494	Bacteria	Proteobacteria	Alphaproteobacteria	Rickettsiales	UBA3002	QFOX01		Alphaproteobacteria
DW00375	Bacteria	Proteobacteria	Alphaproteobacteria	Rickettsiales	UBA3002	QFOX01		Alphaproteobacteria
DW00373	Bacteria	Proteobacteria	Alphaproteobacteria	Rickettsiales	UBA3002	QFOX01		Alphaproteobacteria
DW00916	Bacteria	Proteobacteria	Alphaproteobacteria	Rickettsiales	UBA3002			Alphaproteobacteria
DW00496	Bacteria	Proteobacteria	Alphaproteobacteria	Rickettsiales	UBA3002			Alphaproteobacteria
DW00085	Bacteria	Proteobacteria	Alphaproteobacteria	Rickettsiales	UBA3002			Alphaproteobacteria
DW00917	Bacteria	Proteobacteria	Alphaproteobacteria	Rickettsiales	UBA3002			Alphaproteobacteria
DW00556	Bacteria	Proteobacteria	Alphaproteobacteria	Rickettsiales	UBA998	UBA998		Alphaproteobacteria
DW00490	Bacteria	Proteobacteria	Alphaproteobacteria	Rickettsiales	UBA998	UBA998		Alphaproteobacteria
DW00827	Bacteria	Proteobacteria	Alphaproteobacteria	Rickettsiales	UBA998			Alphaproteobacteria
DW00856	Bacteria	Proteobacteria	Alphaproteobacteria	Rickettsiales	SXRF01	SXRF01		Alphaproteobacteria
DW00384	Bacteria	Proteobacteria	Alphaproteobacteria	Rickettsiales	SXRF01	SXRF01		Alphaproteobacteria
DW00849	Bacteria	Proteobacteria	Alphaproteobacteria	Rickettsiales	SXRF01	SXRF01		Alphaproteobacteria
DW01127	Bacteria	Proteobacteria	Alphaproteobacteria	Rickettsiales	SXRF01			Alphaproteobacteria
DW00939	Bacteria	Proteobacteria	Alphaproteobacteria	Rickettsiales				Alphaproteobacteria
DW01232	Bacteria	Proteobacteria	Alphaproteobacteria	UBA9655	UBA9655	UBA9655		Alphaproteobacteria
DW01230	Bacteria	Proteobacteria	Alphaproteobacteria	UBA9655	UBA9655	UBA9655		Alphaproteobacteria
DW00703	Bacteria	Proteobacteria	Alphaproteobacteria	UBA9655	UBA9655	UBA9655		Alphaproteobacteria
DW01222	Bacteria	Proteobacteria	Alphaproteobacteria	UBA9655	UBA9655	UBA9655		Alphaproteobacteria
DW01154	Bacteria	Proteobacteria	Alphaproteobacteria	UBA9655	UBA9655	UBA9655		Alphaproteobacteria
DW01233	Bacteria	Proteobacteria	Alphaproteobacteria	UBA9655	UBA9655	UBA9655		Alphaproteobacteria
DW01231	Bacteria	Proteobacteria	Alphaproteobacteria	Paracaedibacterales				Alphaproteobacteria
DW01234	Bacteria	Proteobacteria	Alphaproteobacteria	Paracaedibacterales	UBA11393			Alphaproteobacteria
DW00472	Bacteria	Proteobacteria	Alphaproteobacteria	UBA1280	UBA6156			Alphaproteobacteria
DW00402	Bacteria	Proteobacteria	Alphaproteobacteria	UBA1280	UBA6156			Alphaproteobacteria
DW01168	Bacteria	Myxococcota_A	UBA9160	UBA9160	UBA4427			Myxococcota_A
DW01014	Bacteria	Bdellovibrionota_C	UBA2361	SZUA-149				Bdellovibrionota_C
DW01253	Bacteria	Desulfobacterota_B	Binatia	Bin18	Bin18	SYOC01		Desulfobacterota_B
DW01274	Bacteria	Desulfobacterota_B	Binatia	UBA12015				Desulfobacterota_B
DW01118	Bacteria	Desulfobacterota_B	Binatia	UBA12015				Desulfobacterota_B
DW01244	Bacteria	Bdellovibrionota	Bacteriovoracia	Bacteriovoracales	Bacteriovoracaceae	Bacteriovorax		Bdellovibrionota
DW00566	Bacteria	Bdellovibrionota	Bacteriovoracia	Bacteriovoracales	Bacteriovoracaceae	UBA4096		Bdellovibrionota
DW01176	Bacteria	Bdellovibrionota	Bacteriovoracia	Bacteriovoracales	Bacteriovoracaceae	UBA6144		Bdellovibrionota
DW00753	Bacteria	Bdellovibrionota	Bacteriovoracia	Bacteriovoracales	Bacteriovoracaceae	UBA6144		Bdellovibrionota
DW00341	Bacteria	Bdellovibrionota	Bacteriovoracia	Bacteriovoracales	Bacteriovoracaceae	UBA6144		Bdellovibrionota
DW01207	Bacteria	Bdellovibrionota	Bdellovibrionia_A	UBA1018	UBA1018			Bdellovibrionota
DW00151	Bacteria	Bdellovibrionota	Bdellovibrionia_A	UBA1018	UBA1018			Bdellovibrionota
DW00690	Bacteria	Bdellovibrionota	Bdellovibrionia_A	UBA1018				Bdellovibrionota
DW00487	Bacteria	Bdellovibrionota	Bdellovibrionia_A					Bdellovibrionota
DW00518	Bacteria	Bdellovibrionota	Bdellovibrionia_A					Bdellovibrionota
DW00484	Bacteria	Bdellovibrionota	Bdellovibrionia_A					Bdellovibrionota
DW00555	Bacteria	Bdellovibrionota	Bdellovibrionia_A					Bdellovibrionota
DW00486	Bacteria	Bdellovibrionota	Bdellovibrionia_A					Bdellovibrionota
DW00824	Bacteria	Bdellovibrionota	Bdellovibrionia_A					Bdellovibrionota
DW00483	Bacteria	Bdellovibrionota	Bdellovibrionia_A					Bdellovibrionota
DW00485	Bacteria	Bdellovibrionota	Bdellovibrionia_A					Bdellovibrionota
DW00966	Bacteria	Bdellovibrionota	Oligoflexia	Oligoflexales				Bdellovibrionota
DW01113	Bacteria	Bdellovibrionota	Oligoflexia	Silvanigrellales	Silvanigrellaceae	Silvanigrella		Bdellovibrionota
DW01226	Bacteria	Bdellovibrionota	Bdellovibrionia	Bdellovibrionales	Bdellovibrionaceae	Pseudobdellovibrio		Bdellovibrionota
DW00348	Bacteria	Bdellovibrionota	Bdellovibrionia	Bdellovibrionales	Bdellovibrionaceae	Pseudobdellovibrio		Bdellovibrionota
DW00815	Bacteria	Bdellovibrionota	Bdellovibrionia	Bdellovibrionales	Bdellovibrionaceae	UBA5009		Bdellovibrionota
DW00511	Bacteria	Bdellovibrionota	Bdellovibrionia	Bdellovibrionales	Bdellovibrionaceae			Bdellovibrionota
DW00567	Bacteria	Bdellovibrionota	Bdellovibrionia	Bdellovibrionales	Bdellovibrionaceae	PSRN01		Bdellovibrionota
DW00536	Bacteria	Bdellovibrionota	Bdellovibrionia	Bdellovibrionales	Bdellovibrionaceae			Bdellovibrionota
DW00451	Bacteria	Bdellovibrionota	Bdellovibrionia	Bdellovibrionales	Bdellovibrionaceae			Bdellovibrionota
DW00537	Bacteria	Bdellovibrionota	Bdellovibrionia	Bdellovibrionales	Bdellovibrionaceae			Bdellovibrionota
DW01149	Bacteria	Bdellovibrionota	Bdellovibrionia	Bdellovibrionales	Bdellovibrionaceae			Bdellovibrionota
DW01104	Bacteria	Bdellovibrionota	Bdellovibrionia	Bdellovibrionales	Bdellovibrionaceae			Bdellovibrionota
DW00523	Bacteria	Bdellovibrionota	Bdellovibrionia	Bdellovibrionales	UBA1609			Bdellovibrionota
DW00522	Bacteria	Bdellovibrionota	Bdellovibrionia	Bdellovibrionales				Bdellovibrionota
DW00816	Bacteria	Bdellovibrionota	Bdellovibrionia	Bdellovibrionales				Bdellovibrionota
DW00777	Bacteria	Bdellovibrionota	Bdellovibrionia	Bdellovibrionales				Bdellovibrionota
DW01122	Bacteria	Bdellovibrionota	FAC87	UBA2466	UBA2466			Bdellovibrionota
DW01273	Bacteria	Desulfobacterota_D	UBA1144	UBA2774	UBA2774	2-12-FULL-53-21		Desulfobacterota_D
DW00242	Bacteria	Desulfobacterota_D	UBA1144					Desulfobacterota_D
DW01072	Bacteria	Nitrospirota	Nitrospiria	Nitrospirales	Nitrospiraceae	Nitrospira_D		Nitrospirota
DW00631	Bacteria	Nitrospirota	Nitrospiria	Nitrospirales	Nitrospiraceae	Nitrospira_D		Nitrospirota
DW00391	Bacteria	Nitrospirota	Nitrospiria	Nitrospirales	Nitrospiraceae	Palsa-1315		Nitrospirota
DW00853	Bacteria	Nitrospirota	Nitrospiria	Nitrospirales	Nitrospiraceae	Palsa-1315		Nitrospirota
DW01254	Bacteria	Nitrospirota	Nitrospiria	Nitrospirales	Nitrospiraceae	Palsa-1315		Nitrospirota
DW01270	Bacteria	Nitrospirota	Nitrospiria	Nitrospirales	Nitrospiraceae	Palsa-1315		Nitrospirota
DW01012	Bacteria	Nitrospirota	Nitrospiria	Nitrospirales	Nitrospiraceae	RSF151		Nitrospirota
DW01000	Bacteria	Nitrospirota	Nitrospiria	Nitrospirales	Nitrospiraceae			Nitrospirota
DW00388	Bacteria	Nitrospirota	Thermodesulfovibrionia	Thermodesulfovibrionales	UBA1546			Nitrospirota
DW01288	Bacteria	Tectomicrobia	Entotheonellia	Entotheonellales	Entotheonellaceae	Entotheonella		Tectomicrobia
DW01199	Bacteria	Acidobacteriota	Acidobacteriae	Bryobacterales	Bryobacteraceae	Bryobacter		Acidobacteriota
DW01200	Bacteria	Acidobacteriota	Acidobacteriae	Bryobacterales	Bryobacteraceae	Palsa-187		Acidobacteriota
DW00937	Bacteria	Acidobacteriota	Acidobacteriae	Bryobacterales	Bryobacteraceae			Acidobacteriota
DW01049	Bacteria	Acidobacteriota	Blastocatellia	Pyrinomonadales	Pyrinomonadaceae	OLB17		Acidobacteriota
DW01262	Bacteria	Acidobacteriota	Blastocatellia	Pyrinomonadales	Pyrinomonadaceae	OLB17		Acidobacteriota
DW00468	Bacteria	Acidobacteriota	Blastocatellia	Pyrinomonadales	Pyrinomonadaceae	OLB17		Acidobacteriota
DW00933	Bacteria	Acidobacteriota	Blastocatellia	Pyrinomonadales	Pyrinomonadaceae	OLB17		Acidobacteriota
DW00915	Bacteria	Acidobacteriota	Blastocatellia	Pyrinomonadales	Pyrinomonadaceae	OLB17		Acidobacteriota
DW01001	Bacteria	Acidobacteriota	Blastocatellia	Pyrinomonadales	Pyrinomonadaceae	UBA11740		Acidobacteriota
DW01289	Bacteria	Acidobacteriota	Blastocatellia	Pyrinomonadales	Pyrinomonadaceae	QHXM01		Acidobacteriota
DW00352	Bacteria	Acidobacteriota	Blastocatellia	UBA7656				Acidobacteriota
DW00813	Bacteria	Acidobacteriota	Vicinamibacteria	Vicinamibacterales	UBA2999	Gp6-AA40		Acidobacteriota
DW00817	Bacteria	Acidobacteriota	Vicinamibacteria	Vicinamibacterales	UBA2999			Acidobacteriota
DW00819	Bacteria	Acidobacteriota	Vicinamibacteria	Vicinamibacterales	UBA2999	12-FULL-67-14b		Acidobacteriota
DW01112	Bacteria	Acidobacteriota	Vicinamibacteria	Vicinamibacterales	UBA2999	12-FULL-67-14b		Acidobacteriota
DW01295	Bacteria	Acidobacteriota	Mor1	Mor1	Mor1			Acidobacteriota
DW00434	Bacteria	Bacteroidota	Bacteroidia	Flavobacteriales	Flavobacteriaceae	Flavobacterium		Bacteroidota
DW00887	Bacteria	Bacteroidota	Bacteroidia	Flavobacteriales	Flavobacteriaceae	Flavobacterium		Bacteroidota
DW01218	Bacteria	Bacteroidota	Bacteroidia	Flavobacteriales	Flavobacteriaceae	Flavobacterium		Bacteroidota
DW00691	Bacteria	Bacteroidota	Bacteroidia	Flavobacteriales	Flavobacteriaceae	Flavobacterium		Bacteroidota
DW01043	Bacteria	Bacteroidota	Bacteroidia	Flavobacteriales	Flavobacteriaceae	Flavobacterium		Bacteroidota
DW00961	Bacteria	Bacteroidota	Bacteroidia	Flavobacteriales	Flavobacteriaceae	Flavobacterium		Bacteroidota
DW00576	Bacteria	Bacteroidota	Bacteroidia	Flavobacteriales	Flavobacteriaceae	Flavobacterium		Bacteroidota
DW00553	Bacteria	Bacteroidota	Bacteroidia	Flavobacteriales	Flavobacteriaceae	Flavobacterium		Bacteroidota
DW01164	Bacteria	Bacteroidota	Bacteroidia	Flavobacteriales	Flavobacteriaceae	Flavobacterium		Bacteroidota
DW00568	Bacteria	Bacteroidota	Bacteroidia	Flavobacteriales	Crocinitomicaceae	Fluviicola		Bacteroidota
DW00554	Bacteria	Bacteroidota	Bacteroidia	Flavobacteriales	Crocinitomicaceae	Fluviicola		Bacteroidota
DW01285	Bacteria	Bacteroidota	Bacteroidia	Flavobacteriales	UA16	UBA4660		Bacteroidota
DW00936	Bacteria	Bacteroidota	Bacteroidia	AKYH767	B-17BO	UBA2475		Bacteroidota
DW00480	Bacteria	Bacteroidota	Bacteroidia	AKYH767	B-17BO	UBA4416		Bacteroidota
DW00938	Bacteria	Bacteroidota	Bacteroidia	AKYH767	Palsa-948			Bacteroidota
DW00500	Bacteria	Bacteroidota	Bacteroidia	Sphingobacteriales	Sphingobacteriaceae			Bacteroidota
DW01103	Bacteria	Bacteroidota	Bacteroidia	Sphingobacteriales	Sphingobacteriaceae	Pedobacter		Bacteroidota
DW00838	Bacteria	Bacteroidota	Bacteroidia	Sphingobacteriales	Sphingobacteriaceae	Pedobacter		Bacteroidota
DW00405	Bacteria	Bacteroidota	Bacteroidia	Sphingobacteriales				Bacteroidota
DW00349	Bacteria	Bacteroidota	Bacteroidia	Chitinophagales	Chitinophagaceae	JJ008		Bacteroidota
DW01009	Bacteria	Bacteroidota	Bacteroidia	Chitinophagales	Chitinophagaceae	VBAS01		Bacteroidota
DW00942	Bacteria	Bacteroidota	Bacteroidia	Chitinophagales	Chitinophagaceae	UBA3961		Bacteroidota
DW01065	Bacteria	Bacteroidota	Bacteroidia	Chitinophagales	Chitinophagaceae	UBA3961		Bacteroidota
DW01117	Bacteria	Bacteroidota	Bacteroidia	Chitinophagales	Chitinophagaceae	Lacibacter		Bacteroidota
DW00684	Bacteria	Bacteroidota	Bacteroidia	Chitinophagales	Chitinophagaceae	Lacibacter		Bacteroidota
DW00254	Bacteria	Bacteroidota	Bacteroidia	Chitinophagales	Chitinophagaceae	Lacibacter		Bacteroidota
DW00564	Bacteria	Bacteroidota	Bacteroidia	Chitinophagales	Chitinophagaceae	Lacibacter		Bacteroidota
DW01224	Bacteria	Bacteroidota	Bacteroidia	Chitinophagales	Chitinophagaceae	Sediminibacterium		Bacteroidota
DW01240	Bacteria	Bacteroidota	Bacteroidia	Chitinophagales	Chitinophagaceae	Sediminibacterium		Bacteroidota
DW00694	Bacteria	Bacteroidota	Bacteroidia	Chitinophagales	Chitinophagaceae	Sediminibacterium		Bacteroidota
DW00892	Bacteria	Bacteroidota	Bacteroidia	Chitinophagales	Chitinophagaceae	Sediminibacterium		Bacteroidota
DW00526	Bacteria	Bacteroidota	Bacteroidia	Chitinophagales	Chitinophagaceae	Sediminibacterium		Bacteroidota
DW00366	Bacteria	Bacteroidota	Bacteroidia	Chitinophagales	Chitinophagaceae	Sediminibacterium		Bacteroidota
DW00404	Bacteria	Bacteroidota	Bacteroidia	Chitinophagales	Chitinophagaceae	Sediminibacterium		Bacteroidota
DW00968	Bacteria	Bacteroidota	Bacteroidia	Chitinophagales	Chitinophagaceae			Bacteroidota
DW01221	Bacteria	Bacteroidota	Bacteroidia	Chitinophagales	Chitinophagaceae			Bacteroidota
DW00832	Bacteria	Bacteroidota	Bacteroidia	Chitinophagales	Chitinophagaceae			Bacteroidota
DW00441	Bacteria	Bacteroidota	Bacteroidia	Chitinophagales	Chitinophagaceae	Dinghuibacter		Bacteroidota
DW00964	Bacteria	Bacteroidota	Bacteroidia	Chitinophagales	Chitinophagaceae	Ferruginibacter		Bacteroidota
DW01271	Bacteria	Bacteroidota	Bacteroidia	Chitinophagales	UBA10324			Bacteroidota
DW00776	Bacteria	Bacteroidota	Bacteroidia	NS11-12g	UBA955	UBA955		Bacteroidota
DW00418	Bacteria	Bacteroidota	Bacteroidia	NS11-12g	UBA955	UBA955		Bacteroidota
DW00897	Bacteria	Bacteroidota	Bacteroidia	NS11-12g	UBA8524			Bacteroidota
DW01243	Bacteria	Bacteroidota	Bacteroidia	Cytophagales	Cytophagaceae			Bacteroidota
DW00839	Bacteria	Bacteroidota	Bacteroidia	Cytophagales	Cyclobacteriaceae	Chryseolinea		Bacteroidota
DW00657	Bacteria	Bacteroidota	Bacteroidia	Cytophagales	Cyclobacteriaceae	UBA2336		Bacteroidota
DW01242	Bacteria	Bacteroidota	Bacteroidia	Cytophagales	Cyclobacteriaceae	ELB16-189		Bacteroidota
DW00990	Bacteria	Bacteroidota	Rhodothermia					Bacteroidota
DW00241	Bacteria	Gemmatimonadota	Gemmatimonadetes	Gemmatimonadales	GWC2-71-9	SZUA-320		Gemmatimonadota
DW01008	Bacteria	Gemmatimonadota	Gemmatimonadetes	Gemmatimonadales	GWC2-71-9			Gemmatimonadota
DW01281	Bacteria	Gemmatimonadota	Gemmatimonadetes	Gemmatimonadales	GWC2-71-9			Gemmatimonadota
DW00918	Bacteria	Gemmatimonadota	Gemmatimonadetes	Gemmatimonadales	GWC2-71-9			Gemmatimonadota
DW01107	Bacteria	Gemmatimonadota	Gemmatimonadetes	Gemmatimonadales	Gemmatimonadaceae	Gemmatimonas		Gemmatimonadota
DW01217	Bacteria	Gemmatimonadota	Gemmatimonadetes	Gemmatimonadales	Gemmatimonadaceae	Gemmatimonas		Gemmatimonadota
DW01216	Bacteria	Gemmatimonadota	Gemmatimonadetes	Gemmatimonadales	Gemmatimonadaceae	Fen-1231		Gemmatimonadota
DW00629	Bacteria	Gemmatimonadota	Gemmatimonadetes	Gemmatimonadales	Gemmatimonadaceae	Fen-1231		Gemmatimonadota
DW00983	Bacteria	Verrucomicrobiota	Verrucomicrobiae	Verrucomicrobiales	Akkermansiaceae	UBA1315		Verrucomicrobiota
DW01155	Bacteria	Verrucomicrobiota	Verrucomicrobiae	Chthoniobacterales	UBA6821			Verrucomicrobiota
DW01223	Bacteria	Verrucomicrobiota	Verrucomicrobiae	Chthoniobacterales	UBA6821			Verrucomicrobiota
DW01034	Bacteria	Verrucomicrobiota	Verrucomicrobiae	Pedosphaerales	UBA11320			Verrucomicrobiota
DW00371	Bacteria	Verrucomicrobiota	Verrucomicrobiae	Opitutales	UBA1977			Verrucomicrobiota
DW00986	Bacteria	Verrucomicrobiota	Verrucomicrobiae	Opitutales	UBA953	UBA953		Verrucomicrobiota
DW00411	Bacteria	Verrucomicrobiota	Verrucomicrobiae	Opitutales	UBA953	UBA953		Verrucomicrobiota
DW00413	Bacteria	Verrucomicrobiota	Verrucomicrobiae	Opitutales	UBA953	UBA953		Verrucomicrobiota
DW01278	Bacteria	Verrucomicrobiota_A	Chlamydiia	Parachlamydiales	GCA-2709385			Verrucomicrobiota_A
DW01077	Bacteria	Verrucomicrobiota_A	Chlamydiia	Parachlamydiales	Rhabdochlamydiaceae	PALSA-1444		Verrucomicrobiota_A
DW01225	Bacteria	Verrucomicrobiota_A	Chlamydiia	Parachlamydiales	Rhabdochlamydiaceae			Verrucomicrobiota_A
DW01145	Bacteria	Verrucomicrobiota_A	Chlamydiia	Parachlamydiales	Rhabdochlamydiaceae			Verrucomicrobiota_A
DW00902	Bacteria	Verrucomicrobiota_A	Chlamydiia	Parachlamydiales	SM23-39			Verrucomicrobiota_A
DW00585	Bacteria	Planctomycetota	Planctomycetes	Pirellulales	Pirellulaceae	UBA11363		Planctomycetota
DW00584	Bacteria	Planctomycetota	Planctomycetes	Pirellulales	Pirellulaceae	UBA11363		Planctomycetota
DW00578	Bacteria	Planctomycetota	Planctomycetes	Pirellulales	Pirellulaceae	UBA11363		Planctomycetota
DW00577	Bacteria	Planctomycetota	Planctomycetes	Pirellulales	Pirellulaceae	SXOA01		Planctomycetota
DW00935	Bacteria	Planctomycetota	Planctomycetes	Pirellulales	Pirellulaceae	SXOA01		Planctomycetota
DW00607	Bacteria	Planctomycetota	Planctomycetes	Pirellulales	Pirellulaceae	SXOA01		Planctomycetota
DW00583	Bacteria	Planctomycetota	Planctomycetes	Pirellulales	Pirellulaceae			Planctomycetota
DW00579	Bacteria	Planctomycetota	Planctomycetes	Pirellulales	Pirellulaceae			Planctomycetota
DW00581	Bacteria	Planctomycetota	Planctomycetes	Pirellulales	Pirellulaceae			Planctomycetota
DW01256	Bacteria	Planctomycetota	Planctomycetes	Pirellulales	Ga0077529			Planctomycetota
DW01283	Bacteria	Planctomycetota	Planctomycetes	Pirellulales	Ga0077529			Planctomycetota
DW00596	Bacteria	Planctomycetota	Planctomycetes	Pirellulales	Ga0077529			Planctomycetota
DW01201	Bacteria	Planctomycetota	Planctomycetes	Pirellulales	PALSA-1355			Planctomycetota
DW00201	Bacteria	Planctomycetota	Planctomycetes	Pirellulales	PALSA-1355			Planctomycetota
DW00569	Bacteria	Planctomycetota	Planctomycetes	Pirellulales	PALSA-1355			Planctomycetota
DW00598	Bacteria	Planctomycetota	Planctomycetes	Pirellulales	PALSA-1355			Planctomycetota
DW00903	Bacteria	Planctomycetota	Planctomycetes	Pirellulales	PALSA-1355			Planctomycetota
DW01037	Bacteria	Planctomycetota	Planctomycetes	Pirellulales	UBA1268	F1-20-MAGs016		Planctomycetota
DW00612	Bacteria	Planctomycetota	Planctomycetes	Pirellulales	UBA1268	F1-20-MAGs016		Planctomycetota
DW00958	Bacteria	Planctomycetota	Planctomycetes	Pirellulales	UBA1268	F1-20-MAGs016		Planctomycetota
DW00736	Bacteria	Planctomycetota	Planctomycetes	Pirellulales	UBA1268	QWPN01		Planctomycetota
DW00893	Bacteria	Planctomycetota	Planctomycetes	Pirellulales	UBA1268	QWPN01		Planctomycetota
DW00943	Bacteria	Planctomycetota	Planctomycetes	Planctomycetales	Planctomycetaceae	SXXK01		Planctomycetota
DW00087	Bacteria	Planctomycetota	Planctomycetes	Planctomycetales	Planctomycetaceae	F1-80-MAGs062		Planctomycetota
DW00065	Bacteria	Planctomycetota	Planctomycetes	Planctomycetales	Planctomycetaceae	TH-plancto1		Planctomycetota
DW00574	Bacteria	Planctomycetota	Planctomycetes	Planctomycetales	Planctomycetaceae			Planctomycetota
DW00739	Bacteria	Planctomycetota	Planctomycetes	Planctomycetales	Planctomycetaceae			Planctomycetota
DW00735	Bacteria	Planctomycetota	Planctomycetes	Planctomycetales	Planctomycetaceae			Planctomycetota
DW00060	Bacteria	Planctomycetota	Planctomycetes	Planctomycetales	Planctomycetaceae			Planctomycetota
DW00586	Bacteria	Planctomycetota	Planctomycetes	Planctomycetales	Planctomycetaceae	SXKJ01		Planctomycetota
DW00597	Bacteria	Planctomycetota	Planctomycetes	Planctomycetales	Planctomycetaceae	SXKJ01		Planctomycetota
DW00601	Bacteria	Planctomycetota	Planctomycetes	Planctomycetales	Planctomycetaceae			Planctomycetota
DW00733	Bacteria	Planctomycetota	Planctomycetes	Planctomycetales	Planctomycetaceae			Planctomycetota
DW00689	Bacteria	Planctomycetota	Planctomycetes	Planctomycetales	UBA10511			Planctomycetota
DW00974	Bacteria	Planctomycetota	Planctomycetes	Planctomycetales	UBA10511			Planctomycetota
DW00580	Bacteria	Planctomycetota	Planctomycetes	Planctomycetales	UBA10511			Planctomycetota
DW00738	Bacteria	Planctomycetota	Planctomycetes	Planctomycetales	UBA10511			Planctomycetota
DW00575	Bacteria	Planctomycetota	Planctomycetes	Planctomycetales	UBA10511			Planctomycetota
DW00765	Bacteria	Planctomycetota	Planctomycetes	Planctomycetales	UBA10511			Planctomycetota
DW00129	Bacteria	Planctomycetota	Planctomycetes	Planctomycetales	UBA10511			Planctomycetota
DW00604	Bacteria	Planctomycetota	Planctomycetes	Planctomycetales	UBA10511			Planctomycetota
DW01220	Bacteria	Planctomycetota	Planctomycetes					Planctomycetota
DW01219	Bacteria	Planctomycetota	Planctomycetes					Planctomycetota
DW00128	Bacteria	Planctomycetota	Planctomycetes	Gemmatales	Gemmataceae	Gemmata		Planctomycetota
DW00088	Bacteria	Planctomycetota	Planctomycetes	Gemmatales	Gemmataceae	Gemmata		Planctomycetota
DW00097	Bacteria	Planctomycetota	Planctomycetes	Gemmatales	Gemmataceae	Gemmata		Planctomycetota
DW00207	Bacteria	Planctomycetota	Planctomycetes	Gemmatales	Gemmataceae			Planctomycetota
DW00209	Bacteria	Planctomycetota	Planctomycetes	Gemmatales	Gemmataceae	PALSA-1347		Planctomycetota
DW01186	Bacteria	Planctomycetota	Planctomycetes	Gemmatales	Gemmataceae	PALSA-1347		Planctomycetota
DW00200	Bacteria	Planctomycetota	Planctomycetes	Gemmatales	Gemmataceae	Fimbriiglobus		Planctomycetota
DW01197	Bacteria	Planctomycetota	Planctomycetes	Gemmatales	Gemmataceae			Planctomycetota
DW00602	Bacteria	Planctomycetota	Planctomycetes	Gemmatales	Gemmataceae	UBA969		Planctomycetota
DW00519	Bacteria	Planctomycetota	Planctomycetes	Gemmatales	Gemmataceae			Planctomycetota
DW01057	Bacteria	Planctomycetota	Planctomycetes	Gemmatales	Gemmataceae	UBA6894		Planctomycetota
DW00605	Bacteria	Planctomycetota	Planctomycetes	Gemmatales	Gemmataceae	SYLG01		Planctomycetota
DW01102	Bacteria	Planctomycetota	Planctomycetes	Gemmatales	Gemmataceae			Planctomycetota
DW01142	Bacteria	Planctomycetota	Planctomycetes	Gemmatales	Gemmataceae			Planctomycetota
DW00182	Bacteria	Planctomycetota	Planctomycetes	Isosphaerales	Isosphaeraceae	GM2012		Planctomycetota
DW00859	Bacteria	Planctomycetota	Phycisphaerae	Phycisphaerales	SM1A02	F1-60-MAGs104		Planctomycetota
DW01038	Bacteria	Planctomycetota	Phycisphaerae	Phycisphaerales	SM1A02	SYAC01		Planctomycetota
DW00421	Bacteria	Planctomycetota	Phycisphaerae	Phycisphaerales	SM1A02	SYAC01		Planctomycetota
DW00632	Bacteria	Planctomycetota	Phycisphaerae	Phycisphaerales	SM1A02	GCA-2732755		Planctomycetota
DW01212	Bacteria	Planctomycetota	Phycisphaerae	Phycisphaerales	SM1A02	UBA2396		Planctomycetota
DW00623	Bacteria	Planctomycetota	Phycisphaerae	Phycisphaerales	SM1A02	UBA2402		Planctomycetota
DW01108	Bacteria	Planctomycetota	Phycisphaerae	Phycisphaerales	SM1A02	UBA4658		Planctomycetota
DW00086	Bacteria	Planctomycetota	Phycisphaerae	Phycisphaerales	SM1A02	UBA4658		Planctomycetota
DW00105	Bacteria	Planctomycetota	Phycisphaerae	Phycisphaerales	SM1A02	UBA4658		Planctomycetota
DW00444	Bacteria	Planctomycetota	Phycisphaerae	Phycisphaerales	SM1A02	UBA4658		Planctomycetota
DW01169	Bacteria	Planctomycetota	Phycisphaerae	Phycisphaerales	SM1A02	UBA4658		Planctomycetota
DW00587	Bacteria	Planctomycetota	Phycisphaerae	Phycisphaerales	Phycisphaeraceae			Planctomycetota
DW00823	Bacteria	Planctomycetota	UBA1135	UBA1135	GCA-002686595	F1-120-MAGs118		Planctomycetota
DW01290	Bacteria	Planctomycetota	UBA1135	UBA1135				Planctomycetota
DW00704	Bacteria	Omnitrophota	Koll11	UBA10015	GCA-002753745			Omnitrophota
DW00401	Bacteria	Omnitrophota	Koll11	UBA1560	2-01-FULL-45-10			Omnitrophota
DW00609	Bacteria	Omnitrophota	Koll11	2-02-FULL-51-18	2-02-FULL-51-18			Omnitrophota
DW00493	Bacteria	Elusimicrobiota	Elusimicrobia	UBA1565	UBA9628	GWA2-66-18		Elusimicrobiota
DW00821	Bacteria	Elusimicrobiota	Elusimicrobia	2-02-FULL-39-32	2-01-FULL-60-11			Elusimicrobiota
DW01132	Bacteria	Campylobacterota	Campylobacteria	Campylobacterales	Arcobacteraceae	Aliarcobacter		Campylobacterota
DW00797	Bacteria	Campylobacterota	Campylobacteria	Campylobacterales	Sulfurimonadaceae	Sulfurimonas		Campylobacterota
DW00595	Bacteria	Dependentiae	Babeliae	Babeliales	GCA-2721975	SeV1		Dependentiae
DW01228	Bacteria	Dependentiae	Babeliae	Babeliales	Babeliaceae	BOG-1370		Dependentiae
DW01264	Bacteria	Dependentiae	Babeliae	Babeliales	Babeliaceae			Dependentiae
DW00594	Bacteria	Dependentiae	Babeliae	Babeliales				Dependentiae
DW01236	Bacteria	Dependentiae	Babeliae	Babeliales	RVW-14			Dependentiae
DW01235	Bacteria	Dependentiae	Babeliae	Babeliales	RVW-14			Dependentiae
DW00700	Bacteria	Patescibacteria	Paceibacteria	UBA9983	UBA2163	C7867-001		Patescibacteria
DW00381	Bacteria	Patescibacteria	Paceibacteria	UBA9983	UBA2163	C7867-001		Patescibacteria
DW01157	Bacteria	Patescibacteria	Paceibacteria	UBA9983	UBA2163	C7867-001		Patescibacteria
DW00380	Bacteria	Patescibacteria	Paceibacteria	UBA9983	UBA2163	C7867-001		Patescibacteria
DW00379	Bacteria	Patescibacteria	Paceibacteria	UBA9983	UBA2163	C7867-001		Patescibacteria
DW01147	Bacteria	Patescibacteria	Paceibacteria	UBA9983	UBA2163	1-14-0-10-45-20		Patescibacteria
DW01084	Bacteria	Patescibacteria	Paceibacteria	UBA9983	UBA2163	1-14-0-10-45-20		Patescibacteria
DW00447	Bacteria	Patescibacteria	Paceibacteria	UBA9983	UBA2163	1-14-0-10-45-20		Patescibacteria
DW00437	Bacteria	Patescibacteria	Paceibacteria	UBA9983	UBA2163	OLB19		Patescibacteria
DW00802	Bacteria	Patescibacteria	Paceibacteria	UBA9983	UBA2163	OLB19		Patescibacteria
DW01152	Bacteria	Patescibacteria	Paceibacteria	UBA9983	UBA2163	OLB19		Patescibacteria
DW01153	Bacteria	Patescibacteria	Paceibacteria	UBA9983	UBA2163	OLB19		Patescibacteria
DW01282	Bacteria	Patescibacteria	Paceibacteria	UBA9983	UBA2163	OLB19		Patescibacteria
DW01148	Bacteria	Patescibacteria	Paceibacteria	UBA9983	UBA2163			Patescibacteria
DW00804	Bacteria	Patescibacteria	Paceibacteria	UBA9983	UBA2163			Patescibacteria
DW01276	Bacteria	Patescibacteria	Paceibacteria	UBA9983	UBA2163	UBA10103		Patescibacteria
DW00805	Bacteria	Patescibacteria	Paceibacteria	UBA9983	UBA2163	UBA10103		Patescibacteria
DW00850	Bacteria	Patescibacteria	Paceibacteria	UBA9983	UBA2163			Patescibacteria
DW00807	Bacteria	Patescibacteria	Paceibacteria	UBA9983	UBA2163	GWA1-54-10		Patescibacteria
DW01146	Bacteria	Patescibacteria	Paceibacteria	UBA9983	UBA2163	GWA1-54-10		Patescibacteria
DW00808	Bacteria	Patescibacteria	Paceibacteria	UBA9983				Patescibacteria
DW00400	Bacteria	Patescibacteria	Paceibacteria	UBA9983	Zambryskibacteraceae	C7867-006		Patescibacteria
DW01013	Bacteria	Patescibacteria	Paceibacteria	UBA9983	UBA9973	UBA9973		Patescibacteria
DW00351	Bacteria	Patescibacteria	Paceibacteria	UBA9983	UBA9973	UBA4124		Patescibacteria
DW00382	Bacteria	Patescibacteria	Paceibacteria	UBA9983	UBA5272	UBA11704		Patescibacteria
DW00394	Bacteria	Patescibacteria	Paceibacteria	UBA9983	UBA6899			Patescibacteria
DW01010	Bacteria	Patescibacteria	Paceibacteria					Patescibacteria
DW00998	Bacteria	Patescibacteria	Paceibacteria	UBA6257	HR35			Patescibacteria
DW00386	Bacteria	Patescibacteria	Paceibacteria	Portnoybacterales	UBA2143			Patescibacteria
DW01002	Bacteria	Patescibacteria	Paceibacteria	2-02-FULL-40-12				Patescibacteria
DW00393	Bacteria	Patescibacteria	Paceibacteria_A	Moranbacterales	UBA1568			Patescibacteria
DW00846	Bacteria	Patescibacteria	Paceibacteria_A	Moranbacterales	UBA2206	UBA2282		Patescibacteria
DW00399	Bacteria	Patescibacteria	Paceibacteria_A	Moranbacterales	UBA2206			Patescibacteria
DW00397	Bacteria	Patescibacteria	ABY1	SG8-24	UBA9934			Patescibacteria
DW00398	Bacteria	Patescibacteria	ABY1	BM507	GWE2-39-37			Patescibacteria
DW00422	Bacteria	Patescibacteria	Saccharimonadia	Saccharimonadales	AWTP1-31			Patescibacteria
DW00613	Bacteria	Patescibacteria	Gracilibacteria	Peribacterales	Peribacteraceae			Patescibacteria
DW00699	Bacteria	Patescibacteria	Gracilibacteria	Peribacterales	Peribacteraceae			Patescibacteria
DW00803	Bacteria	Patescibacteria	Gracilibacteria	Peribacterales	Peribacteraceae	2-02-FULL-51-10		Patescibacteria
DW00614	Bacteria	Patescibacteria	Gracilibacteria	Peribacterales	Peribacteraceae			Patescibacteria
DW01139	Bacteria	Patescibacteria	Gracilibacteria	BD1-5	UBA2023	GN02-873		Patescibacteria
DW01005	Bacteria	Patescibacteria	Microgenomatia	GWA2-44-7	UBA8517			Patescibacteria
DW01258	Bacteria	Patescibacteria	Microgenomatia	UBA1406	GWC2-37-13			Patescibacteria
DW00475	Bacteria	Patescibacteria	Microgenomatia	Levybacterales	UBA12049			Patescibacteria
DW00701	Bacteria	Patescibacteria	Microgenomatia	Daviesbacterales	UBA10151			Patescibacteria
